date,carbune,consum,hidro,hidrocarburi,nuclear,eolian,productie,fotovolt,biomasa,stocare,sold
2025-10-31 14:29:36,982,5655,673,1366,1352,8,5725,1286,54,0,-70
2025-10-31 03:59:34,955,5411,942,1533,1363,884,5730,-6,54,0,-318
2025-10-30 17:30:29,1134,7407,1498,1657,1340,1372,7060,-2,54,6,346
2025-10-30 06:00:42,997,5871,983,1592,1367,163,5168,-5,54,15,702
2025-10-29 19:30:36,1048,7503,2011,1624,1343,1082,7241,-4,56,79,262
2025-10-29 08:59:39,733,6360,1200,1414,1369,1262,6847,828,54,16,-486
2025-10-28 22:29:22,770,6442,1832,1645,1358,580,6238,-4,54,1,203
2025-10-28 11:59:14,732,6017,564,1342,1344,1100,6495,1247,58,105,-477
2025-10-28 01:30:22,735,5417,780,1369,1367,436,4741,-5,57,0,675
2025-10-27 15:00:33,624,5979,1054,1546,1365,190,5727,887,57,0,251
2025-10-27 04:29:37,542,4903,759,1247,1367,461,4425,-5,51,0,477
2025-10-26 18:00:29,625,6424,2040,1646,1358,241,5963,-4,51,4,460
2025-10-26 07:30:11,547,5186,1205,1255,1360,1339,5799,14,52,23,-612
2025-10-25 21:55:14,864,6406,1810,1630,1362,383,6120,-5,58,15,285
2025-10-25 11:25:13,704,4783,406,1217,1363,358,5333,1223,54,5,-549
2025-10-25 00:55:40,741,5469,1002,1484,1351,1946,6596,-5,57,16,-1126
2025-10-24 14:26:32,730,6351,404,1275,1317,2010,6597,803,54,1,-246
2025-10-24 03:55:36,742,5292,786,1323,1359,971,5237,-5,59,0,55
2025-10-23 17:25:16,869,6549,1469,1624,1296,617,6289,273,58,80,260
2025-10-23 06:55:28,885,6362,1200,1579,1351,582,5783,-4,61,128,578
2025-10-22 20:25:31,990,7530,2030,1723,1336,1473,7692,-4,60,80,-161
2025-10-22 09:55:18,888,6591,1351,1538,1294,1023,7067,895,57,18,-476
2025-10-21 23:25:20,914,5959,1448,1628,1339,1907,7293,-4,56,3,-1333
2025-10-21 12:55:32,851,5679,698,1431,1340,844,6595,1372,57,0,-916
2025-10-21 02:25:14,859,5398,846,1599,1348,351,5059,-5,56,3,338
2025-10-20 15:55:20,850,5390,759,1445,1344,62,5865,1344,58,0,-475
2025-10-20 05:25:25,663,5225,805,1547,1364,296,4779,-5,53,54,446
2025-10-19 18:55:29,701,6315,1750,1552,1367,543,5997,-6,55,45,318
2025-10-19 08:25:14,668,5248,1260,1530,1369,585,5607,99,54,40,-358
2025-10-18 21:55:32,736,6432,1833,1590,1365,235,5814,-5,57,1,617
2025-10-18 11:26:28,725,5906,1019,1593,1358,115,5271,403,56,0,635
2025-10-18 00:55:18,664,5484,1562,1587,1359,523,5750,-6,59,0,-265
2025-10-17 14:26:14,663,5412,985,1469,1365,458,6237,1238,56,0,-824
2025-10-17 03:55:07,655,5334,1200,1581,1358,377,5228,-5,59,1,106
2025-10-16 17:25:14,966,6591,1803,1533,1317,318,6440,386,58,56,151
2025-10-16 06:38:34,896,6298,1544,1468,1365,151,5498,-5,59,17,799
2025-10-15 20:08:16,1005,7706,2158,1561,1341,147,6295,-5,51,35,1411
2025-10-15 08:38:22,1019,7378,1875,1514,1366,442,6536,123,52,142,842
2025-10-14 22:17:17,966,6467,1930,1504,1359,38,5865,-4,52,17,601
2025-10-14 11:38:27,868,5800,1373,1423,1331,-7,5713,671,51,1,86
2025-10-14 01:08:29,919,5466,1252,1423,1347,111,5110,-3,51,7,355
2025-10-13 14:08:22,818,5773,996,1148,1321,562,5942,1025,51,18,-169
2025-10-13 03:38:20,774,4686,1195,1373,1365,153,4898,-6,41,0,-212
2025-10-12 15:55:19,772,5114,976,1107,1369,843,5474,363,39,0,-360
2025-10-12 04:25:34,741,4732,1160,1284,1369,921,5525,-6,52,1,-792
2025-10-11 17:55:19,755,6119,1488,1272,1372,1042,6177,129,51,64,-58
2025-10-10 18:25:34,855,7085,1822,1404,1362,645,6159,17,50,0,925
2025-10-10 07:56:25,843,6946,1627,1397,1369,976,6364,27,54,68,581
2025-10-09 21:26:13,847,7188,1843,1369,1353,1363,6825,-4,54,5,362
2025-10-09 10:55:10,808,6798,1128,1312,1367,2043,7522,810,51,0,-724
2025-10-09 00:25:37,869,5641,1181,1314,1367,1676,6483,-5,53,26,-841
2025-10-08 13:46:14,751,7102,718,1345,1369,1922,6660,480,54,19,442
2025-10-08 02:46:23,861,5402,883,1410,1366,1590,6175,-5,49,17,-772
2025-10-07 16:08:26,788,6903,1059,1357,1365,1582,6511,275,51,31,391
2025-10-07 03:01:37,789,5252,842,1417,1360,346,4819,-5,49,18,433
2025-10-06 10:25:32,626,7451,1632,1414,1291,41,5247,182,53,4,2203
2025-10-05 23:55:24,474,5239,1443,1397,1373,95,4832,-5,52,2,407
2025-10-05 12:29:21,447,4268,492,1064,1370,990,5345,927,51,1,-1077
2025-10-05 01:59:37,478,5038,1106,1147,1372,1390,5558,-5,49,20,-520
2025-10-04 06:00:14,710,5362,1175,1257,1372,492,5056,-5,52,1,305
2025-10-03 19:30:24,665,7777,1829,1398,1360,2599,7969,-3,55,63,-191
2025-10-03 08:59:14,772,7478,1418,1380,1349,2638,7813,112,53,88,-334
2025-10-02 07:16:10,845,6671,1487,1309,1363,1026,6196,-3,50,93,474
2025-10-01 20:47:30,1003,7198,1669,1239,1350,1217,6534,-3,48,8,663
2025-10-01 09:16:39,974,6416,1067,1246,1336,97,5229,404,49,52,1186
2025-09-30 22:46:14,986,6225,1677,1283,1358,211,5559,-5,47,0,666
2025-09-30 12:17:11,906,5499,666,1142,1358,299,5525,1082,45,0,-26
2025-09-30 01:47:20,869,5234,751,1211,1366,233,4486,-4,43,3,748
2025-09-29 15:16:27,810,6319,956,1176,1321,82,4925,538,38,0,1393
2025-09-29 04:46:21,673,4636,783,1202,1367,146,4208,-4,35,3,427
2025-09-28 18:17:22,758,5418,1424,1222,1374,254,5174,73,38,28,243
2025-09-28 07:46:13,605,4678,1028,787,1371,113,4084,40,37,99,593
2025-09-27 21:16:16,750,6272,1631,851,1372,445,5193,-3,36,109,1078
2025-09-27 10:47:38,564,5092,623,770,1370,948,5034,718,38,0,58
2025-09-27 00:16:34,666,5368,1118,1235,1354,644,5142,-4,39,86,225
2025-09-26 13:47:26,640,5647,732,1020,1355,1120,5640,733,37,0,7
2025-09-26 03:17:22,624,4980,820,1183,1364,1478,5512,-3,43,1,-532
2025-09-25 16:47:31,932,6593,1202,1239,1334,1685,6658,216,47,1,-64
2025-09-25 05:59:36,801,5321,877,1027,1359,2030,6173,-4,49,30,-852
2025-09-24 19:29:38,940,7055,1912,1313,1351,451,6087,3,46,69,967
2025-09-24 07:00:40,916,5974,1370,1213,1350,112,5003,-2,40,0,970
2025-09-23 20:29:12,1095,7175,1894,1306,1351,523,6317,-1,42,104,857
2025-09-23 08:47:30,882,6122,1486,1230,1359,168,5782,533,41,80,340
2025-09-22 22:17:41,754,6176,1728,1262,1353,805,5946,-5,46,0,230
2025-09-22 11:47:31,513,4774,612,849,1346,549,5473,1555,45,0,-699
2025-09-22 01:17:31,546,4638,980,1156,1361,643,4731,-5,36,11,-93
2025-09-21 14:29:19,505,3635,482,299,1354,289,3891,920,37,0,-255
2025-09-21 03:59:35,547,4631,911,363,1352,104,3312,-4,36,1,1318
2025-09-20 17:30:22,592,5311,739,342,1356,319,4054,604,43,57,1257
2025-09-20 07:00:27,611,5048,1118,1147,1354,536,4826,-3,42,19,221
2025-09-19 20:30:11,917,7122,1934,1299,1351,190,5868,-3,45,132,1253
2025-09-19 10:00:41,758,5565,905,1186,1314,427,5598,954,41,10,-33
2025-09-18 23:30:15,717,5532,1068,1151,1348,1271,5616,-4,43,20,-83
2025-09-18 13:00:17,708,4564,508,881,1283,2316,6948,1211,42,0,-2384
2025-09-18 02:29:19,812,4961,817,907,1290,2024,5898,-4,40,8,-936
2025-09-17 15:59:25,861,5682,473,962,1284,1428,5753,706,36,0,-71
2025-09-17 05:30:38,867,5326,865,1103,1290,685,4850,-3,42,0,475
2025-09-16 19:00:21,1056,6814,1821,1219,1291,158,5734,55,42,86,1080
2025-09-16 08:30:21,816,6139,1444,1175,1287,291,5603,502,38,47,535
2025-09-15 21:59:36,874,6631,1804,1251,1328,58,5357,-3,42,1,1273
2025-09-15 11:30:21,724,5126,537,943,1284,5,4858,1301,29,32,268
2025-09-14 16:08:09,834,4432,548,584,1337,817,4817,656,40,0,-385
2025-09-14 05:38:39,728,4673,745,671,1337,1372,4890,-5,40,0,-216
2025-09-13 18:08:34,763,5863,1385,692,1337,1083,5645,336,44,3,217
2025-09-13 07:38:39,755,5420,964,1160,1339,588,4978,34,41,93,442
2025-09-12 21:08:18,1026,7026,1799,1260,1327,526,6056,-2,52,64,970
2025-09-12 10:38:39,774,6600,928,1166,1317,221,4950,490,47,3,1649
2025-09-12 00:00:16,894,5650,1391,1208,1329,446,5317,-4,50,0,333
2025-09-11 13:29:15,761,6425,761,1121,1301,478,5342,869,46,0,1083
2025-09-11 02:59:41,742,5147,749,1170,1346,506,4557,-3,45,0,589
2025-09-10 16:29:17,766,6234,1053,1161,1327,524,5448,566,45,3,786
2025-09-10 05:59:35,792,5513,823,1148,1346,344,4502,-4,45,0,1011
2025-09-09 19:30:32,1000,7055,1779,1218,1344,615,6064,13,43,48,991
2025-09-09 08:59:15,1024,6535,1614,1240,1345,56,5876,497,41,55,659
2025-09-08 22:30:14,977,6342,1780,1175,1329,41,5341,-4,41,0,1000
2025-09-08 12:00:17,444,4841,616,904,1267,396,5273,1599,44,1,-432
2025-09-08 01:25:31,495,4823,824,1063,1337,69,3871,-5,51,29,952
2025-09-07 14:56:12,438,3949,464,445,1343,362,3919,816,48,1,29
2025-09-07 04:25:22,467,4689,833,613,1334,301,3595,-6,50,0,1094
2025-09-06 17:47:29,529,5749,909,570,1337,517,4380,463,52,0,1369
2025-09-06 07:16:29,505,5170,943,1052,1336,419,4410,40,47,66,759
2025-09-05 20:42:12,772,7338,1909,1089,1324,503,5724,-2,51,77,1613
2025-09-05 10:08:11,804,5662,879,877,1266,148,5363,1331,48,8,298
2025-09-04 23:38:15,747,6038,1496,1072,1333,319,5081,-4,50,65,957
2025-09-04 13:08:13,789,5371,614,747,1301,511,5640,1625,46,0,-273
2025-09-04 02:38:25,763,5418,820,1025,1342,8,3999,-4,43,0,1419
2025-09-03 15:54:46,737,5985,606,807,1325,576,5461,1346,44,23,523
2025-09-03 05:25:25,816,5419,840,1021,1339,42,4106,-3,45,4,1312
2025-09-02 18:55:24,873,7070,1713,1086,1338,214,5662,202,49,184,1407
2025-09-02 08:25:26,931,6311,1424,1033,1333,852,6182,447,45,113,129
2025-09-01 21:55:09,788,6818,1934,1234,1330,674,6006,-3,43,2,811
2025-09-01 11:25:30,611,5591,895,924,1292,716,5717,1226,45,4,-126
2025-09-01 00:55:38,516,4801,1058,1169,1346,1105,5244,-5,45,8,-443
2025-08-31 14:25:07,608,4976,537,443,1347,936,4346,421,44,8,630
2025-08-31 03:56:09,604,4792,818,476,1349,592,3884,-4,46,0,908
2025-08-30 17:25:14,609,5662,1015,455,1343,672,4852,708,47,0,809
2025-08-30 06:25:38,591,5067,890,1305,1350,78,4320,-3,45,62,746
2025-08-29 19:56:30,783,6795,1910,1308,1341,458,5917,13,47,54,877
2025-08-29 09:25:27,724,5499,820,1121,1329,203,5404,1145,48,11,95
2025-08-28 22:56:03,762,6254,1811,1238,1339,539,5745,-4,57,0,509
2025-08-28 12:25:31,792,4743,508,1100,1290,261,5797,1785,58,0,-1053
2025-08-28 01:55:29,795,5118,896,1323,1334,234,4657,-4,54,22,461
2025-08-27 15:25:29,704,4989,474,1017,1326,392,5558,1588,54,0,-569
2025-08-27 04:55:16,753,5013,732,1313,1345,112,4305,-4,51,0,708
2025-08-26 18:26:35,768,6083,1654,1343,1320,166,5857,537,55,11,225
2025-08-26 07:56:31,765,5892,1527,1346,1346,76,5558,351,53,104,333
2025-08-25 21:25:27,837,6908,1913,1423,1339,553,6155,-3,54,38,752
2025-08-25 10:38:15,611,5014,874,1215,1332,68,5391,1229,52,8,-377
2025-08-25 00:08:09,545,4986,1130,1221,1340,1365,5659,-5,46,14,-672
2025-08-24 13:30:06,573,3628,487,477,1329,780,4693,1006,38,0,-1065
2025-08-24 02:59:14,603,4695,855,543,1332,274,3649,-4,38,6,1046
2025-08-23 16:29:34,577,4944,509,474,1328,589,4269,751,39,0,674
2025-08-23 06:00:27,619,4987,804,509,1332,1267,4569,-4,40,0,418
2025-08-22 19:30:21,767,6944,1895,1267,1319,613,5947,42,41,0,997
2025-08-22 09:00:12,745,6081,891,1290,1302,1806,6647,506,24,80,-565
2025-08-21 22:29:26,736,6532,1716,1260,1312,1639,6695,-3,31,1,-162
2025-08-21 11:59:23,812,5476,869,1196,1267,63,5683,1440,29,4,-207
2025-08-21 01:30:34,774,5335,797,1346,1323,837,5103,-4,28,12,231
2025-08-20 11:46:30,735,4975,635,1007,1329,54,5234,1448,22,0,-259
2025-08-20 01:08:14,748,5329,822,1312,1326,226,4458,-4,27,0,871
2025-08-19 14:38:11,830,5524,483,1024,1327,122,4877,1056,19,13,646
2025-08-19 04:08:07,745,5038,785,1290,1324,826,4980,-4,12,0,58
2025-08-18 17:29:08,745,6282,857,1229,1306,898,5545,497,10,0,737
2025-08-18 06:59:33,739,5323,1108,1180,1329,937,5377,15,11,56,-54
2025-08-17 20:30:21,731,6272,1594,1283,1328,374,5337,-3,8,20,935
2025-08-17 10:00:27,802,4298,742,1166,1324,-16,4956,921,14,0,-657
2025-08-16 23:25:09,745,5894,1246,1280,1327,295,4916,-3,24,0,978
2025-08-16 12:57:26,842,4480,634,1149,1320,220,5519,1318,28,5,-1038
2025-08-16 02:16:24,689,4969,894,1242,1331,297,4478,-4,26,1,490
2025-08-15 15:47:34,843,4651,523,1089,1319,709,5657,1139,32,0,-1006
2025-08-15 05:17:30,744,5017,976,1274,1323,297,4710,-4,34,64,307
2025-08-14 18:47:09,788,6903,1560,1267,1319,399,5838,382,32,88,1064
2025-08-14 07:25:08,756,5839,1226,1333,1331,94,4984,122,28,92,855
2025-08-13 20:57:17,867,7440,2357,954,1320,432,6023,-2,30,61,1416
2025-08-13 06:09:27,758,5366,1234,1315,1333,109,4850,-5,28,76,515
2025-08-12 19:30:14,637,7071,2063,1388,1325,367,5964,122,32,28,1107
2025-08-12 07:59:32,663,5975,1376,1299,1327,844,5877,290,26,50,97
2025-08-11 21:31:28,755,7508,2119,1365,1269,628,6407,193,22,53,1101
2025-08-11 10:50:20,727,5672,1071,955,1248,439,5818,1344,21,9,-146
2025-08-11 00:00:34,649,5650,1627,1302,1280,676,5552,-6,22,0,98
2025-08-10 13:29:22,703,4340,777,655,1270,150,4585,1007,19,0,-245
2025-08-10 02:47:10,705,5024,1206,870,1276,207,4279,-7,20,0,744
2025-08-09 15:59:30,731,5028,644,686,1268,150,4400,882,30,6,628
2025-08-09 05:30:26,733,5030,1273,876,1277,34,4276,-5,30,56,753
2025-08-08 19:00:27,693,6730,1935,850,1309,166,5394,357,30,50,1335
2025-08-07 18:59:20,668,6762,1820,891,1303,1047,6071,294,31,13,690
2025-08-07 07:19:14,722,5898,1434,857,1309,2098,6633,98,41,72,-734
2025-08-06 19:56:29,877,7193,2116,551,1288,296,5288,73,39,45,1904
2025-08-06 08:39:12,791,6022,1664,498,1312,65,4966,541,41,50,1056
2025-08-05 21:56:20,868,7449,2022,1335,1304,370,5960,-4,58,5,1488
2025-08-05 10:57:36,682,5601,1088,1077,1306,126,5474,1136,57,0,126
2025-08-04 23:50:16,749,6061,1661,1160,1303,334,5274,-4,60,9,786
2025-08-04 11:50:13,728,5711,1173,862,1313,0,5401,1263,59,0,310
2025-08-03 23:57:58,704,5551,1767,1137,1329,301,5288,-5,54,0,262
2025-08-03 11:51:41,697,4094,951,524,1334,163,4566,840,52,0,-471
2025-08-03 00:02:03,723,5617,1671,752,1325,79,4604,-5,58,0,1012
2025-08-02 12:39:39,713,4618,991,530,1279,210,5074,1294,54,0,-456
2025-08-02 00:57:57,836,5578,1513,1171,1323,24,4923,-5,59,0,655
2025-08-01 13:09:00,849,5048,1220,906,1322,86,5881,1446,48,0,-832
2025-08-01 02:00:20,955,5386,1445,1191,1322,137,5106,-6,55,4,280
2025-07-31 14:29:14,872,5834,1125,1115,1250,41,5574,1086,44,26,260
2025-07-31 03:30:12,859,5290,1168,1160,1323,670,5232,-6,55,0,58
2025-07-30 16:47:06,1154,6108,866,951,1308,540,5757,876,52,6,351
2025-07-30 05:48:02,1168,5415,819,1117,1314,773,5242,-5,53,2,172
2025-07-29 16:39:26,1109,6622,798,1047,1303,375,5242,550,57,0,1380
2025-07-29 06:09:20,1206,5757,834,1107,1315,654,5168,-3,52,0,589
2025-07-28 19:39:05,1231,7760,1861,1136,1317,132,5906,124,59,49,1853
2025-07-28 09:09:06,980,6556,1327,1120,1306,189,5611,603,46,38,945
2025-07-27 22:39:13,965,6463,1588,1107,1317,776,5835,-6,49,29,628
2025-07-27 12:09:04,965,5205,635,627,1320,657,5312,1046,44,15,-106
2025-07-27 01:38:41,883,5788,857,1114,1321,894,5156,-5,56,35,632
2025-07-26 15:09:15,984,6008,778,962,1315,281,5697,1309,54,12,310
2025-07-26 04:39:51,871,5751,796,1109,1314,599,4753,-5,56,9,998
2025-07-25 18:08:36,856,7422,1686,921,1309,1149,6646,663,60,0,775
2025-07-25 07:39:03,901,6389,1568,1127,1318,132,5474,295,58,85,915
2025-07-24 21:09:29,1047,7963,1884,1184,1308,653,6177,-2,60,41,1786
2025-07-24 10:38:22,973,6265,922,1094,1306,161,5907,1360,52,36,357
2025-07-24 00:08:35,928,6492,1527,1178,1334,99,5234,-4,62,108,1257
2025-07-23 13:39:10,929,6143,772,882,1318,326,5922,1615,58,20,220
2025-07-23 03:09:16,909,5518,944,1123,1332,502,4891,-5,59,25,626
2025-07-22 16:38:08,918,6938,995,946,1325,1021,6203,917,58,20,735
2025-07-22 04:38:11,893,5484,968,996,1330,741,5017,-6,55,38,467
2025-07-21 17:47:17,894,6926,947,1055,1307,583,5805,915,60,40,1121
2025-07-21 06:48:18,732,5476,1072,1129,1331,310,4727,73,57,21,748
2025-07-20 20:00:40,731,6088,1674,653,1325,248,4780,74,53,18,1308
2025-07-20 09:08:56,731,4292,772,311,1325,-10,3879,694,49,5,412
2025-07-19 22:00:08,715,6555,1685,394,1328,509,4730,-3,57,44,1825
2025-07-19 11:08:35,737,4688,715,305,1327,47,4365,1172,54,5,323
2025-07-19 00:30:02,947,5626,1474,784,1325,288,4885,-4,47,21,741
2025-07-18 13:39:07,859,5620,547,639,1323,1006,5820,1302,44,97,-200
2025-07-18 02:39:34,858,5457,850,697,1311,1208,4967,-5,47,0,490
2025-07-17 16:08:15,932,6904,781,708,1297,337,4702,578,48,18,2202
2025-07-17 05:38:33,902,5613,905,700,1325,209,4095,-5,57,0,1518
2025-07-16 19:08:40,841,7224,1879,920,1308,639,5861,215,57,0,1363
2025-07-16 07:47:20,938,6512,1015,1140,1324,75,4954,302,50,108,1558
2025-07-15 21:09:39,983,7555,2079,1291,1316,186,6004,0,60,86,1551
2025-07-15 10:39:22,879,6488,825,1211,1302,244,5544,1023,52,5,944
2025-07-15 00:09:23,915,6256,1609,1306,1316,31,5248,-4,50,23,1008
2025-07-14 13:39:23,837,6305,815,1162,1253,45,5539,1378,47,0,765
2025-07-14 03:08:12,747,4947,796,1265,1335,93,4275,-5,43,0,671
2025-07-13 16:38:25,846,4876,453,685,1325,122,4380,898,49,0,496
2025-07-13 06:08:16,840,4729,730,844,1335,176,4103,9,46,119,625
2025-07-12 19:38:10,763,6392,947,767,1333,212,4291,165,47,55,2100
2025-07-12 09:08:16,887,5143,864,882,1331,27,4814,722,48,48,328
2025-07-11 22:47:25,692,6514,1859,1205,1325,247,5395,-4,53,16,1118
2025-07-11 12:17:03,832,5746,802,1094,1258,33,5272,1202,48,1,473
2025-07-11 01:47:13,754,5480,777,1270,1325,986,5163,-4,50,4,316
2025-07-10 15:17:13,796,5978,449,1108,1276,698,5454,1075,48,0,524
2025-07-10 04:46:54,752,5429,757,1259,1321,1638,5784,-5,57,3,-355
2025-07-09 18:25:13,718,7172,1230,1235,1315,1048,5869,261,59,0,1303
2025-07-09 07:55:19,802,6761,1665,1323,1319,496,6071,288,56,117,690
2025-07-08 21:25:20,660,7980,2000,1291,1307,1361,6704,-2,59,24,1276
2025-07-08 10:55:28,580,6452,827,1174,1318,985,6447,1502,59,0,5
2025-07-08 00:26:13,640,6286,1407,1288,1328,1514,6227,-4,50,2,59
2025-07-07 13:55:21,639,6726,708,1166,1292,1518,6939,1559,53,0,-212
2025-07-07 03:25:36,546,5199,624,1085,1324,1148,4776,-6,51,2,422
2025-07-06 16:59:53,612,5555,614,322,1321,1489,5333,899,49,23,222
2025-07-06 06:30:38,828,5017,744,297,1321,460,3739,40,47,0,1277
2025-07-05 19:59:16,934,6919,1671,640,1325,559,5316,102,48,34,1603
2025-07-05 09:25:35,871,5442,474,631,1321,602,4854,877,50,25,588
2025-07-04 22:55:57,1081,7250,1799,1141,1317,671,6062,-5,55,0,1187
2025-07-04 12:19:03,1029,6041,848,865,1308,13,5845,1725,52,1,196
2025-07-04 01:46:52,1074,5755,1351,1214,1326,220,5237,-7,51,6,518
2025-07-03 15:17:17,1036,5904,839,853,1306,167,5922,1666,52,0,-17
2025-07-03 04:46:58,1004,5524,717,1183,1338,767,5059,-6,51,1,465
2025-07-02 18:17:12,1003,6504,1714,1094,1333,813,6833,821,52,0,-328
2025-07-02 07:37:51,1047,6028,1530,1114,1343,525,6061,375,42,84,-32
2025-07-01 21:08:41,1115,7387,2020,1203,1323,371,6212,1,55,121,1174
2025-07-01 10:37:59,834,5635,916,783,1311,450,5807,1460,51,0,-172
2025-07-01 00:08:20,911,6092,1912,1137,1332,862,6262,-6,53,59,-170
2025-06-30 13:38:09,884,6259,594,858,1320,776,5870,1346,45,43,388
2025-06-30 02:54:55,860,5164,1040,1126,1325,738,5120,-6,44,0,44
2025-06-29 16:25:27,851,4803,433,265,1327,1843,5501,714,41,23,-697
2025-06-29 05:56:22,768,4735,803,332,1332,1796,5112,6,35,34,-376
2025-06-28 19:26:12,855,6215,1564,296,1311,1374,5663,216,34,9,552
2025-06-28 08:55:09,825,5797,1012,280,1301,1086,4960,408,34,8,836
2025-06-27 22:25:16,924,7177,2110,1144,1168,293,5787,-5,39,111,1389
2025-06-27 11:55:58,880,6501,1280,890,919,330,5700,1360,37,0,800
2025-06-27 01:25:20,868,6077,1607,1135,635,249,4533,-3,39,0,1544
2025-06-26 14:55:17,846,6485,1343,800,605,253,5532,1654,27,0,953
2025-06-26 04:17:01,882,5632,1054,1150,644,814,4601,-4,46,12,1030
2025-06-25 17:47:18,894,6830,1394,1097,933,433,5848,994,46,53,982
2025-06-25 03:38:53,886,5461,1553,1235,655,704,5081,-6,52,0,380
2025-06-24 13:31:18,843,5609,601,773,650,743,5261,1592,50,4,347
2025-06-24 00:11:55,930,6081,1760,1236,644,420,5073,-5,51,35,1008
2025-06-23 10:33:12,548,5568,814,781,605,330,4666,1528,47,9,902
2025-06-22 22:54:54,656,5785,1859,1179,640,248,4717,-5,43,94,1068
2025-06-22 12:17:16,596,3665,563,323,611,196,3331,997,41,0,333
2025-06-22 01:47:18,595,4969,1407,398,657,127,3225,-5,43,0,1744
2025-06-21 15:16:45,547,4596,458,328,654,965,3865,879,31,0,731
2025-06-21 04:46:13,892,5198,1164,1238,656,636,4635,-5,48,3,562
2025-06-20 18:17:02,851,6196,1542,1133,655,273,5233,721,51,3,963
2025-06-20 07:47:09,874,6257,1796,1218,656,2043,7063,354,51,68,-805
2025-06-19 21:17:26,970,7518,2184,1236,643,325,5530,0,52,117,1988
2025-06-19 10:08:23,914,5828,1140,795,599,188,5119,1415,50,14,708
2025-06-18 23:37:59,971,6348,1900,1277,654,70,4925,-3,53,0,1423
2025-06-18 13:08:43,830,5227,1137,771,638,147,5409,1830,50,1,-181
2025-06-18 02:38:06,952,5450,1043,1222,656,1203,5128,-5,56,0,321
2025-06-17 16:00:12,845,5807,985,790,653,413,5249,1512,48,0,557
2025-06-17 05:25:16,954,5232,1634,954,654,243,4492,-3,54,0,740
2025-06-16 18:55:15,815,6378,1942,1099,634,398,5532,557,54,29,845
2025-06-16 08:17:05,623,5790,1835,1193,656,315,5468,701,59,83,321
2025-06-15 21:47:01,634,6029,1818,1239,659,546,5006,-4,47,64,1022
2025-06-15 11:17:09,559,3693,1186,335,660,700,4615,1123,48,1,-921
2025-06-15 00:47:17,757,5067,1437,413,658,913,4225,-4,49,0,841
2025-06-14 14:16:41,856,4673,1182,336,665,716,4695,890,48,0,-21
2025-06-14 03:47:10,781,5269,1317,414,661,1154,4373,-4,48,0,895
2025-06-13 11:47:20,815,5027,1159,357,624,112,4836,1644,53,69,191
2025-06-13 01:19:07,882,5564,1642,1250,653,262,4744,-4,56,0,819
2025-06-12 14:46:48,721,5081,1289,827,609,172,5396,1721,54,0,-314
2025-06-12 03:26:04,813,5129,1469,1202,657,905,5098,-5,54,0,31
2025-06-11 16:55:05,724,5792,1585,830,614,475,5420,1116,43,30,372
2025-06-11 06:25:34,827,5491,1620,1220,656,46,4468,45,44,7,1022
2025-06-10 19:55:49,904,6770,2181,930,644,107,5074,140,41,124,1696
2025-06-10 09:17:57,610,5770,1589,404,659,1144,5242,731,43,59,527
2025-06-09 22:47:18,612,5681,2354,400,662,1115,5224,-4,38,43,456
2025-06-09 10:55:14,610,4401,1490,344,662,96,4264,1019,39,0,136
2025-06-09 00:25:37,603,4997,2357,430,659,599,4688,-5,43,0,308
2025-06-08 13:55:26,504,3690,1330,325,662,387,4257,1003,43,0,-567
2025-06-08 03:25:52,592,4699,1851,403,662,556,4109,-4,43,2,589
2025-06-07 16:55:51,687,5167,1713,347,660,420,4821,882,41,69,345
2025-06-07 06:25:13,810,4941,2029,1199,658,391,5255,45,46,73,-313
2025-06-06 19:55:27,873,7097,2822,1257,649,763,6572,108,48,48,524
2025-06-06 09:25:21,847,5981,2028,804,663,392,5954,1127,42,48,27
2025-06-05 22:55:19,776,6564,2335,1151,657,1154,6152,-4,48,33,412
2025-06-05 12:25:05,738,5203,2007,939,649,413,6615,1819,47,1,-1412
2025-06-05 01:55:08,816,5404,2091,1256,657,141,5015,-4,57,0,389
2025-06-04 15:25:20,833,5672,2004,1056,646,79,6112,1394,49,47,-440
2025-06-04 04:56:26,783,5180,2018,1225,665,511,5253,-4,51,1,-73
2025-06-03 18:25:32,803,6193,2304,458,665,667,5623,670,51,1,569
2025-06-03 07:55:34,845,5672,2467,414,665,54,5036,502,37,48,635
2025-06-02 21:26:02,840,6921,2618,488,661,439,5164,-2,34,85,1757
2025-06-02 10:55:28,559,4988,1996,356,640,4,5215,1621,34,2,-227
2025-06-02 00:24:53,606,4844,2190,443,666,119,4057,-3,33,0,786
2025-06-01 13:55:40,546,3461,1474,325,665,22,4013,940,32,5,-551
2025-06-01 03:25:49,565,4529,1841,405,661,279,3779,-5,32,0,750
2025-05-31 15:46:52,566,4251,1504,336,666,812,4783,866,29,0,-531
2025-05-31 04:08:58,634,4982,2174,420,667,1074,5000,-4,33,0,-17
2025-05-30 17:39:14,786,5703,1910,362,664,988,5491,724,38,16,212
2025-05-30 06:25:37,834,5413,1930,408,666,1252,5164,16,34,21,248
2025-05-29 19:56:14,843,6516,2638,420,653,93,4790,83,34,23,1725
2025-05-29 09:24:57,764,5865,2040,635,615,67,4858,644,29,59,1007
2025-05-28 22:55:16,837,6273,2563,1224,661,600,5944,2,35,18,328
2025-05-28 12:09:09,691,5739,1943,1056,633,1223,6720,1139,32,0,-980
2025-05-28 01:38:52,740,5382,1826,1225,674,1334,5832,-4,33,0,-449
2025-05-27 15:08:37,633,5645,1589,830,672,1413,6033,861,32,0,-387
2025-05-27 04:39:14,760,5221,1490,1234,670,1408,5604,-4,33,0,-382
2025-05-26 18:09:02,846,6308,2102,665,654,653,5330,341,29,36,978
2025-05-26 07:38:26,591,6063,2092,417,664,604,4607,107,34,95,1455
2025-05-25 08:25:31,522,4922,1343,291,667,672,3707,139,35,34,1215
2025-05-24 21:55:50,556,6191,2167,357,663,463,4294,-3,44,39,1896
2025-05-24 11:25:16,580,5071,1481,293,658,46,3862,752,44,6,1209
2025-05-24 00:55:10,670,5375,1954,1218,658,210,4757,-4,49,0,618
2025-05-23 13:26:16,658,5235,1418,815,647,191,5002,1226,43,1,232
2025-05-23 02:55:04,736,5074,1557,1201,664,580,4780,-5,45,0,293
2025-05-22 16:24:19,668,5575,1631,827,613,1356,6029,886,46,0,-454
2025-05-22 04:46:57,786,5163,1643,1234,675,970,5345,-4,38,0,-182
2025-05-21 18:16:48,707,5812,1976,1126,664,562,5563,492,33,0,248
2025-05-21 07:47:16,650,5729,1782,1025,664,267,4942,421,34,95,787
2025-05-20 21:16:52,979,7139,2247,1267,669,188,5538,-2,49,139,1600
2025-05-20 10:47:19,700,5158,783,753,670,1596,5898,1350,43,1,-740
2025-05-20 00:17:13,832,5673,1839,1117,657,987,5485,-4,45,10,188
2025-05-19 13:39:14,571,5309,1273,193,623,2094,6024,1225,42,0,-714
2025-05-19 03:08:33,617,4644,1595,300,662,1141,4349,-6,38,0,294
2025-05-18 16:39:15,462,4233,1038,158,664,770,3774,631,37,22,459
2025-05-18 06:08:38,618,4574,1596,226,661,571,3761,3,38,44,813
2025-05-17 18:46:58,603,5663,1854,222,661,151,3898,305,42,55,1765
2025-05-17 08:17:20,610,5618,1405,534,665,723,4239,188,43,67,1378
2025-05-16 21:47:17,866,7032,2465,1144,663,660,5935,-4,35,104,1097
2025-05-16 10:17:17,840,6359,1831,686,622,1225,5845,598,41,0,513
2025-05-15 23:39:49,888,5787,1633,1007,652,2079,6332,-4,45,30,-544
2025-05-15 12:55:22,858,4791,1446,649,604,787,5837,1446,45,0,-1046
2025-05-15 02:25:06,962,5240,1584,1058,671,899,5216,-3,42,0,24
2025-05-14 15:46:50,805,5124,1380,704,635,406,4973,1000,40,0,150
2025-05-14 05:16:21,930,5341,1625,1079,669,171,4509,-5,38,0,831
2025-05-13 18:47:40,873,6163,1948,952,668,123,5063,395,42,58,1099
2025-05-13 08:18:13,669,5996,1932,1045,671,354,5386,603,39,70,610
2025-05-12 11:08:19,562,5653,1651,977,627,370,5282,1059,33,0,371
2025-05-12 00:38:29,604,5018,1725,241,676,983,4256,-5,31,0,761
2025-05-11 14:08:59,526,4234,1192,167,660,145,3699,968,36,1,535
2025-05-11 03:39:14,718,4882,1587,242,1371,294,4256,-5,41,0,626
2025-05-10 15:00:18,528,4508,877,181,1371,17,4000,974,39,0,507
2025-05-10 01:27:47,604,5323,1420,586,1370,382,4420,-4,44,0,902
2025-05-09 10:38:31,551,5589,1413,979,1339,1097,6556,1127,47,0,-966
2025-05-08 18:32:06,624,6573,2074,1133,1357,404,5800,138,45,0,773
2025-05-08 04:47:17,624,5106,1373,1032,1365,307,4744,-4,44,0,362
2025-05-07 15:26:02,583,5608,1607,1042,1333,470,5872,778,43,0,-263
2025-05-07 00:30:00,615,5325,1323,1056,1366,152,4560,-4,48,0,765
2025-05-06 10:39:47,610,6096,1591,1029,1367,76,5349,626,41,0,746
2025-05-05 20:17:55,604,6936,2209,592,1360,842,5668,2,44,0,1268
2025-05-05 04:55:26,534,4572,1241,607,1371,858,4643,-5,35,0,-71
2025-05-04 15:08:27,422,3694,918,172,1378,1118,4887,837,38,0,-1193
2025-05-04 00:55:42,426,4990,1240,247,1375,1723,5050,-4,41,0,-60
2025-05-03 09:00:24,442,4594,1391,198,1374,505,4692,718,43,0,-97
2025-05-02 14:47:04,405,4037,1037,181,1350,271,4417,1128,41,0,-380
2025-05-02 02:16:53,439,4797,1037,247,1378,2008,5151,-4,41,0,-354
2025-05-01 11:39:14,448,4287,1501,179,1363,117,4673,1022,39,0,-385
2025-04-30 18:55:10,546,6030,1656,256,1366,149,4299,280,42,0,1730
2025-04-30 01:16:49,549,5302,1204,265,1369,333,3758,-5,41,0,1543
2025-04-29 05:46:50,540,5407,1322,279,1369,129,3672,-4,35,0,1735
2025-04-28 15:55:12,555,4817,1035,193,1316,475,4780,1163,40,0,36
2025-04-28 02:08:13,584,4742,1237,277,1370,67,3567,-4,34,0,1174
2025-04-27 11:59:50,551,4591,1194,202,1373,803,4704,537,36,0,-112
2025-04-27 00:30:22,596,5022,1476,284,1377,1384,5153,-4,37,0,-131
2025-04-26 10:55:54,572,4867,1218,227,1375,1057,5400,911,38,0,-533
2025-04-25 14:39:20,570,4667,1363,622,1336,117,5427,1376,40,0,-760
2025-04-25 01:46:29,600,5164,1258,678,1366,6,3944,-4,39,0,1219
2025-04-24 03:25:07,554,4938,1295,679,1371,26,3957,-4,35,0,980
2025-04-23 12:09:15,576,4956,1399,627,1332,-5,5191,1227,45,0,-234
2025-04-22 22:48:16,540,5814,1888,526,1379,491,4882,-3,40,0,932
2025-04-22 04:26:10,232,4113,1058,203,1382,298,3210,-3,39,0,903
2025-04-21 13:17:02,225,2787,711,176,1377,-3,3368,838,40,0,-580
2025-04-21 00:00:20,246,4415,1571,214,1379,213,3662,-3,39,0,753
2025-04-20 08:31:12,259,3790,1212,224,1378,5,3507,374,38,0,283
2025-04-19 16:30:10,266,4900,1219,200,1378,36,3751,609,38,0,1149
2025-04-19 04:08:16,260,4497,1257,224,1374,262,3419,-3,39,0,1078
2025-04-18 13:26:17,460,4640,1454,217,1328,1128,5384,756,38,0,-743
2025-04-18 00:47:09,554,5379,1475,259,1372,1306,5011,-3,47,0,367
2025-04-17 11:18:09,542,5371,1191,335,1359,1572,6269,1220,48,0,-898
2025-04-16 19:39:08,757,6983,2227,434,1353,1848,6738,54,46,0,245
2025-04-16 06:00:17,795,5938,1296,488,1375,1581,5579,-4,46,0,358
2025-04-15 17:29:48,732,6671,1845,469,1382,1641,6467,354,41,0,203
2025-04-15 04:30:18,796,5446,1313,494,1376,1607,5633,-3,45,0,-187
2025-04-14 15:47:05,632,6497,1610,526,1338,1632,6338,551,46,0,158
2025-04-14 03:38:53,580,5032,1271,484,1375,1108,4864,-4,46,0,168
2025-04-13 14:25:14,543,3852,1019,395,1358,18,4522,1143,45,0,-670
2025-04-13 00:59:49,777,5606,1494,495,1372,171,4345,-4,38,0,1261
2025-04-12 12:55:10,825,5584,1290,416,1367,1166,5910,772,46,0,-325
2025-04-12 01:55:12,864,5858,1425,496,1383,709,4927,-4,51,0,930
2025-04-11 12:38:03,878,6745,1503,425,1298,1994,6976,825,50,0,-230
2025-04-11 00:59:59,879,6246,1444,561,1369,2566,6856,-4,40,0,-610
2025-04-10 12:16:58,770,6821,1837,543,1301,1514,6980,964,47,0,-159
2025-04-09 23:38:14,884,6492,1825,595,1371,274,4998,-4,51,0,1493
2025-04-09 09:18:58,895,6968,2013,552,1372,385,6090,802,50,0,877
2025-04-08 17:55:05,839,6656,2124,557,1371,155,5570,469,51,0,1085
2025-04-08 02:00:22,931,5927,1710,615,1370,81,4755,-3,47,0,1171
2025-04-07 11:59:59,776,6436,2095,547,1348,450,6098,829,48,0,338
2025-04-06 23:25:09,786,5933,1893,551,1378,904,5555,-4,41,0,378
2025-04-06 11:56:20,751,5571,1493,457,1387,875,5411,406,39,0,160
2025-04-05 23:00:14,832,6157,2106,595,1383,1013,5998,-2,45,0,159
2025-04-05 09:25:55,725,5778,1891,546,1385,299,5363,464,47,0,415
2025-04-04 18:32:57,827,6638,2412,556,1378,273,5681,185,48,0,957
2025-04-04 06:30:21,877,6180,1757,567,1387,879,5514,-4,49,0,665
2025-04-03 18:08:10,787,6856,2167,546,1380,688,5816,189,53,0,1040
2025-04-03 05:25:05,777,5682,1610,550,1385,878,5249,-3,50,0,433
2025-04-02 17:25:18,787,6585,2003,561,1373,1505,6546,262,52,0,38
2025-04-02 01:30:01,767,5570,1556,611,1374,1176,5535,-4,49,0,35
2025-04-01 11:56:03,799,6293,2187,605,1344,526,6272,753,50,0,20
2025-03-31 23:26:02,748,6196,1952,646,1375,325,5115,-4,71,0,1081
2025-03-31 06:30:11,591,5946,1593,661,1384,39,4343,-4,64,0,1602
2025-03-30 17:37:59,575,5414,1324,587,1374,64,4208,217,60,0,1206
2025-03-30 05:08:49,790,5120,1222,646,1373,155,4245,-4,62,0,874
2025-03-29 15:26:38,869,6297,1736,1111,1370,372,5734,211,63,0,562
2025-03-29 04:54:55,796,5328,1231,1067,1377,2119,6656,-4,69,0,-1327
2025-03-28 16:30:12,783,6821,1474,1088,1363,2572,7569,208,76,0,-748
2025-03-28 04:24:48,761,5456,1073,1084,1381,2387,6757,-4,73,0,-1301
2025-03-27 15:26:17,885,6698,1492,1122,1307,600,5833,355,69,0,864
2025-03-26 16:26:01,887,6780,1466,1172,1370,665,5819,190,66,0,960
2025-03-26 03:00:00,734,5249,1176,989,1376,476,4817,-4,66,0,432
2025-03-25 14:17:12,754,5659,1267,994,1325,774,6039,852,67,0,-380
2025-03-25 00:00:04,806,5828,1366,1097,1360,924,5615,-4,65,0,212
2025-03-24 12:16:48,820,5906,1305,1059,1309,173,5625,890,63,0,280
2025-03-23 23:39:11,901,5415,1539,1077,1367,2016,6977,-4,65,0,-1561
2025-03-23 11:29:40,828,4796,935,961,1373,2518,7443,762,64,0,-2647
2025-03-23 00:38:18,783,5437,1175,1001,1374,2351,6747,-4,63,0,-1309
2025-03-22 13:29:45,780,4773,972,967,1363,1774,6944,1022,63,0,-2171
2025-03-22 01:46:32,917,5603,1519,1029,1374,849,5756,-4,67,0,-152
2025-03-21 12:18:57,846,5043,1139,945,1344,0,5955,1622,57,0,-912
2025-03-20 23:24:56,947,6453,1712,1171,1363,138,5405,-4,69,0,1047
2025-03-20 09:42:54,799,6152,1471,922,1343,347,6171,1199,67,0,-19
2025-03-19 22:39:20,894,6814,1826,1150,1376,723,6036,-4,69,0,778
2025-03-19 09:30:17,876,6916,1546,1064,1369,745,6640,964,69,0,276
2025-03-18 20:59:59,892,8042,1679,1134,1372,1567,6712,-2,68,0,1329
2025-03-18 07:01:35,978,6850,1340,1150,1372,2644,7587,4,65,0,-736
2025-03-17 19:27:51,957,8033,1867,1261,1372,1549,7150,45,66,0,882
2025-03-17 05:17:35,757,5220,1161,1239,1374,82,4670,-4,58,0,549
2025-03-16 17:35:54,914,5857,1279,1120,1375,139,4964,62,53,0,892
2025-03-16 05:38:16,857,4961,1121,1096,1376,578,5090,-4,59,0,-129
2025-03-15 17:29:59,735,6223,1254,987,1376,1007,5478,60,56,0,745
2025-03-15 05:08:21,825,5330,1127,1115,1374,1083,5578,-3,57,0,-248
2025-03-14 18:29:46,855,7069,1658,1439,1375,1068,6479,-2,60,0,589
2025-03-14 02:29:59,729,5335,1057,1335,1377,1981,6541,-3,63,0,-1205
2025-03-13 14:46:42,854,5931,901,1296,1326,2539,7726,729,64,0,-1794
2025-03-13 02:59:57,821,5441,1167,1283,1382,1311,6025,-4,61,0,-584
2025-03-12 14:38:40,784,5767,1282,1214,1351,497,6083,876,57,0,-315
2025-03-12 02:38:39,819,5346,1016,1318,1371,2003,6585,-4,58,0,-1239
2025-03-11 14:40:49,618,6500,1781,1277,1345,625,6224,507,56,0,276
2025-03-11 01:30:05,640,5457,1099,1310,1367,1087,5556,-4,54,0,-98
2025-03-10 06:13:13,567,5898,1143,1332,1380,116,4601,-3,56,0,1296
2025-03-09 18:08:14,613,5907,1365,1236,1380,359,5043,32,52,0,864
2025-03-09 04:55:39,587,5135,1055,1156,1379,385,4622,-4,62,0,513
2025-03-08 17:09:41,619,5984,1168,1090,1375,263,4836,254,63,0,1148
2025-03-08 04:30:25,590,5566,1117,1319,1375,200,4671,-4,69,0,894
2025-03-07 16:16:54,752,6026,1381,1256,1364,217,5742,698,66,0,284
2025-03-07 03:38:21,907,5779,1122,1350,1376,66,4892,-4,74,0,886
2025-03-06 14:48:22,833,5412,698,1142,1323,-16,5421,1367,71,0,-8
2025-03-06 02:29:53,895,5753,998,1177,1378,1341,5855,-4,67,0,-101
2025-03-05 14:26:33,831,5530,642,1246,1319,61,5628,1461,66,0,-97
2025-03-05 01:38:16,941,5959,1122,1406,1373,656,5564,-4,67,0,394
2025-03-04 12:39:32,816,5677,948,1321,1302,56,5933,1424,56,0,-256
2025-03-03 23:30:06,880,6604,1358,1388,1377,54,5126,-4,71,0,1478
2025-03-03 07:39:08,979,7511,1465,1417,1378,649,6071,86,70,0,1439
2025-03-02 20:38:05,929,7094,1323,1546,1377,828,6093,-3,70,0,1000
2025-03-02 09:25:22,904,6068,1130,1537,1378,229,5478,207,71,0,589
2025-03-01 22:08:42,950,6926,1421,1600,1381,700,6121,-4,71,0,804
2025-03-01 09:56:30,914,7343,1476,1581,1383,649,6249,151,71,0,1093
2025-02-28 23:24:49,960,6624,1154,1554,1367,736,5854,-4,72,0,770
2025-02-28 11:49:14,1042,8010,1270,1544,1338,1254,6873,351,68,0,1136
2025-02-27 22:09:52,1110,7320,1453,1581,1368,1129,6740,-3,73,0,580
2025-02-27 09:56:17,985,7983,1295,1574,1312,1475,7296,551,72,0,687
2025-02-26 22:46:55,1299,7038,1199,1534,1369,1490,6969,-3,73,0,69
2025-02-26 08:00:27,1246,7933,1306,1598,1379,299,6099,180,74,0,1834
2025-02-25 20:19:27,1215,8423,1503,1492,1371,62,5736,-2,68,0,2687
2025-02-25 03:08:29,1178,6331,1028,1136,1370,248,5030,-3,70,0,1300
2025-02-24 09:59:29,1078,7824,1273,1087,1329,339,5983,807,66,0,1841
2025-02-23 21:17:42,1244,7363,1379,1156,1377,333,5558,-4,70,0,1804
2025-02-23 04:38:42,1138,5995,959,1470,1377,376,5388,-3,68,0,606
2025-02-22 15:26:07,1127,6276,822,1503,1376,67,5818,840,73,0,458
2025-02-22 01:55:51,1163,6514,1181,1601,1371,784,6174,-3,75,0,340
2025-02-21 05:25:34,1420,6693,1060,1596,1379,963,6492,-4,76,0,201
2025-02-20 16:09:33,1311,7679,1134,1435,1313,755,6456,433,72,0,1223
2025-02-20 01:55:36,1422,6579,1020,1478,1379,352,5723,-4,73,0,856
2025-02-19 11:55:32,1249,7758,1232,1354,1355,379,6332,689,69,0,1425
2025-02-18 22:21:58,1388,7636,1794,1634,1380,324,6582,-3,68,0,1053
2025-02-18 07:34:39,1258,7975,1274,1515,1371,1057,6575,0,69,0,1400
2025-02-17 20:29:39,1247,8584,1426,1477,1363,1443,7036,-1,71,0,1548
2025-02-17 04:55:39,1152,5949,873,1573,1391,1487,6542,-4,68,0,-593
2025-02-16 17:38:26,1242,7223,1047,1573,1385,586,5925,0,69,0,1297
2025-02-16 05:38:38,1214,5771,974,1495,1380,75,5209,-3,73,0,562
2025-02-12 04:25:31,1085,6299,998,1587,1391,994,6112,-3,60,0,186
2025-02-11 14:38:18,1050,6875,1342,1384,1380,861,7137,1056,59,0,-261
2025-02-11 02:08:08,1097,6367,1031,1665,1393,885,6125,-3,55,0,242
2025-02-10 12:47:22,1106,6928,1355,1530,1339,341,6897,1156,56,0,31
2025-02-10 00:38:29,1120,5930,1310,1652,1387,504,6039,-1,57,0,-109
2025-02-09 11:08:19,1077,5592,1042,1405,1383,1049,6719,699,56,0,-1126
2025-02-09 00:38:20,1073,6146,1032,1599,1374,1763,6897,-3,57,0,-751
2025-02-08 12:08:36,1089,7097,1285,1629,1373,1186,7109,487,57,0,-11
2025-02-07 12:08:10,1142,7189,1287,1627,1341,1617,7797,721,57,0,-608
2025-02-07 01:00:41,1099,6350,1129,1634,1381,1440,6744,-3,59,0,-394
2025-02-06 12:47:23,1159,7148,1133,1546,1341,1494,7474,725,60,0,-325
2025-02-06 01:10:22,1077,6176,1040,1619,1360,1199,6355,-3,59,0,-178
2025-02-05 12:12:21,1189,7531,1416,1646,1366,1045,7217,487,60,0,314
2025-02-05 00:29:26,1062,6321,1112,1710,1369,286,5596,-2,56,0,724
2025-02-04 13:24:23,1072,7259,1287,1682,1356,702,6952,776,58,0,307
2025-02-04 01:08:30,1076,6076,1052,1685,1372,833,6074,-2,57,0,2
2025-02-03 13:29:34,974,7718,1317,1718,1363,1462,7408,506,61,0,309
2025-02-03 02:08:19,796,5351,1004,1802,1366,214,5244,-2,58,0,107
2025-02-02 15:00:10,894,6108,1085,1427,1342,323,5305,157,59,0,803
2025-02-01 11:25:16,844,6777,1146,1746,1372,411,5912,332,58,0,865
2025-02-01 00:30:23,822,6114,1153,1764,1380,137,5319,-2,58,0,795
2025-01-31 13:01:32,878,7360,1401,1704,1382,40,5848,382,56,0,1512
2025-01-30 23:55:14,792,6163,1211,1696,1384,83,5223,-3,58,0,940
2025-01-30 13:08:31,790,6596,1300,1533,1371,40,5689,594,57,0,907
2025-01-30 01:00:25,737,6009,1125,1586,1378,144,5025,-3,55,0,983
2025-01-29 13:38:12,775,6261,965,1610,1369,571,6191,833,55,0,70
2025-01-29 02:53:29,803,5665,1013,1761,1382,368,5400,-3,52,0,265
2025-01-28 15:00:34,729,6464,1331,1550,1383,333,6046,662,56,0,418
2025-01-28 04:08:27,805,5709,957,1764,1384,452,5434,-2,54,0,275
2025-01-27 17:39:13,908,8044,1330,1665,1323,523,5825,-1,60,0,2218
2025-01-27 05:16:17,743,5567,818,1565,1379,1453,6011,-2,54,0,-444
2025-01-26 18:38:11,806,7074,1075,1729,1383,1629,6683,-2,55,0,391
2025-01-26 07:30:23,804,5810,960,1776,1376,253,5222,-2,54,0,587
2025-01-25 20:59:06,763,7198,1278,1782,1383,160,5424,-2,57,0,1773
2025-01-25 08:59:11,747,6712,920,1564,1382,1695,6479,108,60,0,232
2025-01-24 21:55:29,1108,6952,1403,1568,1383,486,6008,-2,60,0,944
2025-01-24 10:08:06,1197,7255,1224,1673,1372,78,5794,178,60,0,1461
2025-01-23 22:17:16,1128,7198,1429,1515,1374,125,5635,-2,58,0,1563
2025-01-23 10:38:27,1054,7731,1335,1531,1359,115,5931,479,55,0,1800
2025-01-22 16:59:29,1208,8162,1383,1661,1337,262,5918,6,56,0,2243
2025-01-22 05:30:40,1099,6299,1048,1620,1386,178,5387,-2,56,0,911
2025-01-21 17:25:32,1154,8458,1324,1652,1383,611,6194,0,62,0,2264
2025-01-21 04:47:35,865,6230,1043,1638,1387,126,5113,-3,55,0,1116
2025-01-20 17:17:31,1163,8338,1415,1691,1311,2,5640,0,53,0,2697
2025-01-20 04:47:25,889,5658,1004,1681,1382,34,5042,-3,53,0,616
2025-01-19 16:55:04,999,6839,1171,1710,1383,293,5629,9,52,0,1210
2025-01-19 05:59:36,814,5829,995,1760,1390,1567,6578,-3,53,0,-748
2025-01-18 14:47:14,958,6913,1050,1810,1385,1221,6864,381,57,0,48
2025-01-18 03:55:21,869,6147,1038,1827,1382,1089,6266,-3,57,0,-118
2025-01-17 16:30:24,1193,8092,1242,1778,1373,1579,7296,72,55,0,796
2025-01-17 05:39:04,1184,6691,1006,1832,1391,1396,6868,-3,53,0,-177
2025-01-16 19:08:25,1316,8702,1551,1873,1374,360,6549,-1,56,0,2152
2025-01-16 08:08:40,1325,8545,1318,1861,1381,235,6186,5,56,0,2359
2025-01-15 21:29:39,1230,8116,1494,1713,1376,314,6177,-2,50,0,1938
2025-01-15 10:38:08,1053,8178,1362,1840,1379,304,6346,353,51,0,1832
2025-01-14 22:55:15,942,7039,1433,1638,1366,110,5541,-2,52,0,1497
2025-01-14 11:08:32,1133,7694,1309,1675,1365,306,6383,545,49,0,1310
2025-01-13 23:29:19,919,6641,1094,1783,1372,1444,6662,-2,49,0,-20
2025-01-13 12:29:33,853,7580,1263,1615,1336,1055,6711,532,52,0,869
2025-01-13 01:30:25,774,5524,980,1654,1383,636,5476,-3,49,0,47
2025-01-12 12:55:04,735,5845,1004,1552,1383,106,5283,451,49,0,561
2025-01-12 01:47:25,835,5534,1034,1669,1382,37,5005,-3,49,0,529
2025-01-11 14:47:23,788,6255,1043,1608,1380,74,5314,357,48,0,941
2025-01-11 03:47:08,856,5634,1035,1740,1382,769,5830,-2,47,0,-196
2025-01-10 16:25:14,758,7478,1390,1582,1379,645,5836,25,51,0,1641
2025-01-10 05:29:25,769,5833,1061,1603,1386,588,5462,-3,49,0,371
2025-01-09 18:56:16,790,7873,1486,1582,1368,996,6281,-1,44,0,1591
2025-01-09 07:48:18,805,7331,1243,1700,1385,495,5687,0,40,0,1643
2025-01-08 20:16:33,823,7548,1587,1654,1375,1203,6696,-1,44,0,852
2025-01-08 09:01:04,633,7690,1294,1799,1383,1121,6375,75,42,0,1314
2025-01-07 20:59:29,616,6766,1398,1809,1370,1083,6319,-2,42,0,446
2025-01-07 10:08:06,566,5953,1111,1708,1363,682,5805,323,42,0,147
2025-01-06 22:47:16,585,6049,1281,1641,1389,1064,6009,-2,44,0,40
2025-01-06 11:59:15,622,5680,1073,1637,1392,1201,6384,412,44,0,-704
2025-01-06 00:25:05,708,5504,1006,1680,1389,921,5749,-3,41,0,-245
2025-01-05 09:59:28,681,5478,758,1543,1390,345,5150,384,46,0,327
2025-01-04 23:29:20,772,6023,1080,1680,1387,208,5167,-3,41,0,856
2025-01-04 07:17:14,710,5821,929,1645,1387,120,4834,-3,39,0,987
2025-01-03 20:31:15,758,7069,1336,1474,1376,1492,6491,-1,43,0,577
2025-01-03 09:17:12,732,6469,1030,1394,1340,1958,6553,49,41,0,-83
2025-01-02 22:00:17,725,6127,1154,1515,1389,2219,7042,-2,40,0,-914
2025-01-02 11:25:20,706,5159,969,1603,1388,1141,6481,606,41,0,-1322
2025-01-02 00:30:10,720,5193,1020,1646,1390,1530,6349,-3,38,0,-1156
2025-01-01 13:56:24,704,4439,925,1536,1386,725,5817,503,36,0,-1377
2025-01-01 02:55:10,695,5342,870,1616,1386,767,5370,-3,38,0,-28
2024-12-31 15:18:29,740,6715,1171,1508,1366,355,5332,150,38,0,1383
2024-12-31 04:08:18,752,5167,986,1430,1385,25,4615,-3,39,0,551
2024-12-30 15:55:18,763,7138,1431,1580,1325,4,5217,53,42,0,1920
2024-12-30 04:29:40,724,5108,1007,1397,1383,8,4558,-2,38,0,550
2024-12-29 17:11:38,749,6943,1215,1570,1379,-11,4958,-2,41,0,1985
2024-12-29 06:17:17,746,5291,1078,1303,1381,187,4736,-3,41,0,555
2024-12-28 19:16:35,761,7374,1399,1002,1369,549,5141,-2,43,0,2233
2024-12-28 07:59:29,767,5998,1214,740,1385,851,5002,-3,40,0,995
2024-12-27 18:07:18,726,7205,1248,1654,1378,1438,6498,-2,34,0,706
2024-12-27 07:25:39,749,5741,1240,1448,1380,1255,6092,-3,31,0,-350
2024-12-26 20:38:08,745,6363,1460,1523,1380,2346,7485,-3,32,0,-1122
2024-12-26 09:55:07,636,5601,1397,1561,1384,2576,7692,99,30,0,-2090
2024-12-25 23:25:40,638,5441,975,1568,1379,2682,7272,-3,30,0,-1830
2024-12-25 12:55:27,635,5423,1085,1528,1377,2650,7465,158,30,0,-2042
2024-12-25 02:16:04,645,5001,897,1506,1376,2668,7124,-3,31,0,-2122
2024-12-24 15:00:14,635,7126,1221,1629,1369,2055,6982,31,36,0,144
2024-12-24 03:59:26,659,5273,967,1509,1366,1811,6353,-3,42,0,-1080
2024-12-23 17:08:25,669,8091,1365,1736,1334,1618,6768,-2,46,0,1323
2024-12-23 04:29:04,626,5447,1021,1522,1382,262,4854,-3,40,0,592
2024-12-22 16:25:05,758,6760,1199,1533,1383,470,5396,10,38,0,1364
2024-12-22 05:08:24,755,5517,794,1582,1382,1934,6485,-3,38,0,-968
2024-12-21 18:08:29,761,7987,1263,1709,1382,2593,7763,-2,44,0,224
2024-12-21 06:38:06,739,5937,712,1510,1378,2051,6432,-2,42,0,-495
2024-12-20 18:46:08,925,8082,1474,1703,1379,317,5870,-1,45,0,2212
2024-12-20 05:08:09,804,6043,815,1687,1384,825,5561,-3,44,0,481
2024-12-19 17:17:03,807,8249,1427,1716,1362,374,5731,1,40,0,2517
2024-12-19 05:25:22,751,6131,1160,1675,1381,389,5415,-3,43,0,715
2024-12-18 18:55:30,818,8220,1497,1685,1365,129,5550,-2,44,0,2670
2024-12-18 07:25:29,802,7689,1412,1846,1377,559,6041,-1,44,0,1648
2024-12-17 20:38:29,831,7996,1417,1712,1375,1508,6895,-2,49,0,1100
2024-12-17 08:38:44,773,8343,1416,1837,1382,1727,7245,50,53,0,1097
2024-12-16 18:08:30,696,8562,1403,1825,1331,2487,7820,-2,49,0,742
2024-12-16 06:30:35,792,6659,1137,1761,1381,947,6067,-3,47,0,592
2024-12-15 06:39:17,800,5793,783,1431,1381,1719,6177,-2,44,0,-383
2024-12-14 19:38:29,768,7922,1251,1701,1381,2448,7612,-2,46,0,310
2024-12-14 07:38:06,797,6774,1150,1710,1382,760,5844,-1,44,0,929
2024-12-13 21:00:33,763,8001,1592,1876,1367,-9,5637,-2,48,0,2364
2024-12-13 09:29:33,811,8343,1507,1861,1371,779,6555,155,48,0,1788
2024-12-12 22:29:31,810,7175,1392,1732,1364,288,5635,-2,48,0,1539
2024-12-12 10:17:12,793,8031,1310,1687,1372,1030,6550,312,41,0,1480
2024-12-11 22:25:57,813,7286,1414,1845,1380,538,6038,-2,40,0,1248
2024-12-11 07:39:10,801,7729,1314,1755,1384,582,5897,-1,41,0,1831
2024-12-10 20:30:08,801,8205,1442,1701,1380,968,6340,-1,45,0,1864
2024-12-10 07:38:28,801,7815,1321,1626,1387,443,5623,-2,42,0,2191
2024-12-09 20:47:33,847,8035,1462,1624,1375,796,6150,-2,45,0,1884
2024-12-09 09:46:42,909,8734,1285,1753,1361,2036,7422,40,35,0,1311
2024-12-08 21:38:46,920,6716,1368,1543,1386,290,5559,-2,37,0,1156
2024-12-08 08:30:28,852,6182,1145,1231,1384,557,5241,10,38,0,941
2024-12-07 21:49:56,889,7084,1274,1263,1382,1128,5977,-2,40,0,1107
2024-12-07 10:25:09,926,7592,1104,1277,1384,1850,6653,50,39,0,939
2024-12-06 23:38:13,867,6518,1185,1526,1382,1462,6462,-2,40,0,56
2024-12-06 05:59:58,822,6493,1082,1455,1383,759,5543,-2,43,0,949
2024-12-05 19:05:08,826,8491,1424,1498,1368,557,5746,-2,47,0,2744
2024-12-05 03:29:43,851,6017,1139,1492,1376,444,5344,-3,42,0,673
2024-12-04 14:30:17,889,8332,1556,1600,1337,262,5754,65,41,0,2577
2024-12-04 02:16:14,790,5941,1154,1427,1377,231,5025,-3,44,0,915
2024-12-03 13:30:28,863,8057,1355,1582,1365,100,5513,201,44,0,2544
2024-12-03 00:29:34,796,6196,1204,1439,1372,299,5152,-3,42,0,1044
2024-12-02 11:46:06,832,8111,1285,1547,1371,1048,6349,218,45,0,1762
2024-12-02 01:02:09,809,5482,1055,1518,1373,1138,5933,-4,42,0,-450
2024-12-01 13:38:15,817,5862,984,1467,1374,1381,6384,289,44,0,-521
2024-12-01 02:59:34,782,5297,968,1398,1376,1910,6475,-3,41,0,-1177
2024-11-30 14:08:27,814,6687,951,1474,1358,1432,6166,94,39,0,520
2024-11-30 02:30:08,813,5760,1126,1499,1371,220,5071,-2,40,0,689
2024-11-29 15:30:23,898,8114,1367,1521,1365,619,5842,33,35,0,2271
2024-11-29 03:30:09,815,5763,1041,1459,1374,1136,5863,-3,39,0,-100
2024-11-28 13:56:12,876,7624,1231,1467,1369,182,5319,154,37,0,2305
2024-11-28 02:08:33,817,5884,1069,1477,1389,241,5032,-2,38,0,851
2024-11-27 13:30:06,1007,7599,1188,1573,1372,118,5754,452,41,0,1845
2024-11-27 01:00:10,806,5961,1133,1681,1374,114,5167,-3,41,0,794
2024-11-26 13:08:10,884,7226,1160,1543,1389,73,5762,666,43,0,1464
2024-11-26 01:25:14,859,5936,1056,1611,1388,144,5088,-3,41,0,848
2024-11-25 11:30:22,730,7312,1026,1555,1361,42,5355,596,41,0,1957
2024-11-24 23:00:31,828,6060,1118,1628,1385,40,5042,-2,40,0,1018
2024-11-24 11:24:33,792,5474,849,1480,1387,194,5403,660,39,0,71
2024-11-23 23:38:20,814,6282,1038,1666,1382,1638,6575,-2,37,0,-292
2024-11-23 11:19:20,814,7012,1135,1577,1344,1718,6983,352,38,0,28
2024-11-23 00:15:32,869,6337,923,1697,1370,2368,7298,-1,36,0,-960
2024-11-22 13:16:04,843,8162,1080,1664,1370,2648,7821,175,38,0,340
2024-11-22 01:29:19,845,6043,1082,1606,1378,1062,6011,-3,37,0,31
2024-11-21 12:55:05,834,7413,1207,1555,1324,1202,6611,446,35,0,801
2024-11-21 02:08:11,836,5776,990,1469,1386,2170,6889,-2,36,0,-1112
2024-11-20 14:38:05,824,7404,1259,1611,1384,921,6332,289,37,0,1071
2024-11-20 04:08:11,843,5803,951,1500,1388,2347,7067,-3,39,0,-1263
2024-11-19 15:38:28,994,7593,1242,1609,1386,152,5619,190,38,0,1973
2024-11-19 03:17:12,964,5960,1055,1493,1385,217,5150,-3,37,0,810
2024-11-18 14:16:11,932,7231,1224,1466,1388,150,5771,573,35,0,1460
2024-11-18 02:38:13,965,5453,1032,1564,1373,536,5504,-4,35,0,-50
2024-11-17 14:08:07,964,5278,1036,1045,1357,372,5454,642,36,0,-176
2024-11-17 02:46:03,961,5521,1074,1603,1373,338,5384,-2,36,0,136
2024-11-16 15:38:22,967,6580,1127,1594,1379,112,5435,214,37,0,1145
2024-11-15 20:50:46,1170,7775,1365,1609,1366,728,6279,-2,41,0,1495
2024-11-15 09:47:34,1071,8083,1255,1682,1332,66,5674,224,42,0,2408
2024-11-14 23:16:34,867,6538,1208,1621,1371,7,5121,-1,42,0,1416
2024-11-14 11:30:24,803,7871,1469,1704,1352,-10,5605,218,43,0,2266
2024-11-14 00:38:44,959,6093,1116,1639,1367,230,5342,-2,30,0,751
2024-11-13 09:25:25,756,8071,1669,1635,1370,161,5739,93,33,0,2332
2024-11-12 21:30:20,900,7601,1431,1666,1369,212,5635,-2,41,0,1966
2024-11-12 09:25:29,938,8352,2081,1712,1342,507,6721,89,43,0,1630
2024-11-11 10:29:35,870,8105,1529,1687,1374,974,6699,218,42,0,1405
2024-11-10 23:08:53,865,5850,1075,1656,1384,2141,7158,-2,38,0,-1308
2024-11-10 11:47:18,869,5867,1021,1205,1384,1212,6088,353,41,0,-220
2024-11-10 00:59:55,883,5640,1131,1663,1387,1850,6956,-1,40,0,-1316
2024-11-09 14:00:15,878,6389,1211,1545,1386,1601,7063,399,39,0,-674
2024-11-09 02:47:14,834,5512,1021,1542,1384,1516,6338,-2,37,0,-826
2024-11-08 14:47:26,819,6257,1106,1575,1345,125,5774,753,49,0,482
2024-11-08 03:38:10,800,5684,1091,1616,1383,65,5000,-3,47,0,684
2024-11-07 15:38:09,776,6902,1157,1571,1366,55,5424,446,50,0,1477
2024-11-07 03:39:00,668,5710,1032,1604,1375,53,4776,-3,45,0,933
2024-11-06 14:38:11,769,6435,1178,1529,1369,-13,5705,825,48,0,729
2024-11-06 02:55:37,655,5761,1166,1545,1369,198,4979,-2,45,0,782
2024-11-05 14:30:13,667,6354,1104,1074,1318,21,5070,836,45,0,1284
2024-11-05 03:08:05,662,5536,1034,1089,1367,929,5125,-2,44,0,411
2024-11-04 15:55:29,892,6987,1315,1025,1332,997,5909,296,41,0,1077
2024-11-03 23:00:32,848,5690,1189,1032,1371,254,4738,-1,44,0,952
2024-11-03 10:00:04,808,5224,1067,638,1373,508,4757,311,43,0,467
2024-11-02 23:17:19,838,5618,1205,1058,1374,2274,6789,-2,40,0,-1170
2024-11-02 11:39:06,758,5288,733,996,1403,919,5529,673,44,0,-240
2024-11-02 01:08:21,760,5488,984,1000,1364,1476,5635,-2,51,0,-147
2024-11-01 13:00:16,845,5754,780,874,1319,347,5090,861,50,0,664
2024-11-01 01:08:09,916,5490,1129,1016,1379,97,4587,-2,50,0,903
2024-10-31 13:00:10,791,6304,1185,1098,1330,22,5231,753,49,0,1073
2024-10-31 00:55:15,1027,5714,1162,1105,1376,30,4755,0,53,0,959
2024-10-30 13:17:31,1010,6530,1202,1086,1367,17,5473,739,50,0,1056
2024-10-30 02:08:04,1002,5514,1119,1081,1382,25,4672,-3,52,0,841
2024-10-29 15:00:08,999,6421,1123,1054,1313,155,5188,492,50,0,1233
2024-10-29 03:17:31,990,5333,1017,1045,1380,716,5197,-3,51,0,135
2024-10-28 15:30:35,841,6616,1389,1133,1366,159,5458,513,49,0,1157
2024-10-28 04:00:34,799,4935,929,1072,1384,552,4775,-3,41,0,160
2024-10-27 17:26:20,819,6163,1071,1048,1393,903,5288,-2,47,0,875
2024-10-27 05:55:28,800,5157,822,1071,1387,559,4687,-3,50,0,469
2024-10-26 20:17:11,826,6840,1770,1119,1388,368,5535,-2,55,0,1304
2024-10-26 09:30:24,819,5953,1490,1154,1382,17,5277,361,53,0,675
2024-10-25 22:38:33,782,6620,1739,1089,1376,2,5041,-2,54,0,1578
2024-10-25 10:29:30,793,6578,1498,1091,1361,33,5596,765,52,0,982
2024-10-24 22:38:31,802,6567,1753,1090,1377,125,5208,-3,56,0,1359
2024-10-24 08:59:33,802,7351,2114,1126,1387,792,6473,165,60,0,877
2024-10-23 21:55:15,1036,7002,1757,1053,1377,962,6245,-2,59,0,756
2024-10-23 09:55:33,957,6845,1577,1029,1336,132,5729,615,59,0,1116
2024-10-22 22:25:07,765,6614,1628,1001,1377,616,5441,-2,53,0,1172
2024-10-22 09:48:15,782,6869,1542,1028,1386,88,5579,698,53,0,1289
2024-10-21 21:30:21,836,7324,1904,1082,1369,40,5282,-2,52,0,2042
2024-10-21 07:27:03,630,6868,1706,1127,1374,126,5026,-2,54,0,1841
2024-10-20 18:47:06,635,6378,1929,1124,1374,106,5231,-1,54,0,1146
2024-10-20 07:00:09,606,5225,1143,1026,1372,124,4324,-2,54,0,900
2024-10-19 18:09:14,612,6467,1951,1080,1355,149,5237,31,56,0,1230
2024-10-19 06:55:03,606,5657,1387,1111,1377,456,4992,-1,54,0,665
2024-10-18 18:47:02,877,7261,2153,1123,1363,315,5897,-1,56,0,1363
2024-10-18 07:08:09,757,6756,2004,1059,1370,698,5944,-2,56,0,811
2024-10-17 20:16:08,826,7571,1994,1023,1373,1258,6551,-2,51,0,1020
2024-10-17 08:29:51,782,6993,1941,1040,1377,2079,7409,116,56,0,-415
2024-10-16 21:47:34,765,6941,2216,1002,1352,927,6311,-2,49,0,630
2024-10-16 10:59:09,748,6663,2144,972,1221,1303,6828,383,53,0,-165
2024-10-15 23:55:15,780,5708,1855,991,998,1036,5703,-2,51,0,5
2024-10-15 12:59:05,691,5925,1722,963,688,53,4982,809,52,0,943
2024-10-15 01:30:32,736,5160,1328,988,686,59,3847,-2,50,0,1312
2024-10-14 13:59:45,612,4975,1414,810,676,-3,4688,1127,50,0,287
2024-10-14 03:30:19,670,4536,1162,932,697,1130,4638,-2,45,0,-101
2024-10-13 15:55:19,663,4368,929,844,702,152,3804,451,50,0,563
2024-10-13 04:08:08,653,4781,884,851,705,861,4007,-2,52,0,773
2024-10-12 17:29:16,711,5897,1444,1046,704,1744,5834,134,49,0,62
2024-10-12 07:00:09,725,5430,1377,944,704,1993,5799,-1,53,0,-368
2024-10-11 20:30:13,686,7131,2084,1478,703,174,5202,-1,57,0,1928
2024-10-11 09:30:08,829,6660,1708,1344,689,111,5006,263,54,0,1653
2024-10-10 22:59:37,731,5915,1446,1326,1107,257,4921,-2,54,0,993
2024-10-10 11:55:28,754,5404,1259,1140,1361,247,5882,1060,57,0,-477
2024-10-10 01:25:43,778,5219,993,1277,1382,1206,5686,-2,51,0,-467
2024-10-09 13:46:22,820,5709,1175,1278,1362,1303,6800,803,57,0,-1090
2024-10-09 03:08:43,827,5089,1129,1368,1386,1260,6022,-2,53,0,-932
2024-10-08 16:00:41,755,5638,1162,1176,1380,178,5520,791,54,0,117
2024-10-08 04:46:37,825,5162,1178,1429,1384,337,5204,-1,50,0,-41
2024-10-07 16:53:19,827,6057,1300,1004,1340,165,5125,435,51,0,932
2024-10-07 05:40:37,804,4860,1513,812,1381,1262,5827,-3,42,0,-966
2024-10-06 18:55:20,889,6046,1878,1020,1375,29,5238,-1,47,0,807
2024-10-06 08:09:15,796,5004,1510,910,1375,79,4748,18,46,0,255
2024-10-05 21:29:28,812,6432,1786,1338,1380,524,5893,-2,53,0,538
2024-10-05 10:47:04,818,5810,1875,1352,1378,1,5813,330,56,0,-3
2024-10-05 00:16:27,885,5558,1684,1443,1376,305,5752,-2,55,0,-194
2024-10-04 13:39:33,828,6163,1546,1312,1328,1097,6735,561,56,0,-572
2024-10-04 03:00:07,838,5092,1345,1415,1377,1358,6392,-3,54,0,-1300
2024-10-03 16:00:41,776,5895,1347,1297,1336,862,6313,639,54,0,-417
2024-10-03 05:29:31,841,5273,1204,1320,1379,668,5466,-2,54,0,-193
2024-10-02 18:38:24,858,6690,1694,1333,1364,55,5376,16,53,0,1314
2024-10-02 06:08:21,789,5584,1337,1344,1375,1853,6749,-2,51,0,-1164
2024-10-01 19:38:27,823,7156,1828,1307,1379,2369,7770,-3,56,0,-613
2024-10-01 09:08:25,843,6626,1705,897,1371,2559,7677,243,56,0,-1050
2024-09-30 22:39:25,787,5949,1776,937,1364,2623,7544,-3,57,0,-1595
2024-09-30 11:16:17,833,6241,1555,865,1356,2534,7657,436,56,0,-1416
2024-09-30 00:48:11,781,4779,1006,871,1370,2412,6486,-4,47,0,-1706
2024-09-29 13:08:19,764,5467,1240,853,1369,450,4857,134,51,0,610
2024-09-29 02:23:16,724,4751,1260,880,1370,487,4772,-3,53,0,-21
2024-09-28 14:30:20,684,4755,846,802,1370,568,5312,985,52,0,-557
2024-09-28 03:26:19,721,5009,954,901,1366,1157,5151,-2,53,0,-142
2024-09-27 14:48:06,753,5403,1076,785,1324,1121,6176,1059,54,0,-772
2024-09-27 03:25:44,762,5016,1079,867,1368,1115,5243,-3,53,0,-227
2024-09-26 15:09:21,840,5583,1014,987,1304,515,5713,995,54,0,-130
2024-09-26 04:08:13,926,5124,1013,1268,1365,415,5040,-3,53,0,83
2024-09-25 16:00:31,876,5783,1190,1163,1347,355,5656,651,49,0,126
2024-09-25 05:00:13,919,5115,1190,1275,1363,93,4897,-3,52,0,217
2024-09-24 16:39:07,790,5909,1264,1196,1365,363,5729,693,51,0,180
2024-09-24 05:59:15,873,5350,1330,1316,1362,36,4973,-3,57,0,376
2024-09-23 17:38:19,793,6073,1458,1245,1356,78,5421,431,52,0,652
2024-09-23 06:46:24,647,5515,1513,1317,1360,564,5449,-3,48,0,65
2024-09-22 18:26:14,482,5229,1599,504,1357,127,4250,134,44,0,978
2024-09-22 06:08:33,514,4516,1257,549,1367,466,4210,-4,47,0,304
2024-09-21 17:38:26,688,5299,1348,795,1362,403,5094,438,46,0,205
2024-09-21 06:26:15,770,5013,1377,854,1360,1076,5494,-3,50,0,-481
2024-09-20 19:38:11,778,6703,1903,1410,1361,806,6308,-3,51,0,394
2024-09-20 08:08:07,681,6187,1609,1292,1360,2048,7197,149,50,0,-1009
2024-09-19 21:25:07,677,6694,1678,1420,1358,1857,7040,-3,47,0,-346
2024-09-19 09:00:22,739,6372,1659,1408,1344,1177,6750,363,44,0,-377
2024-09-18 22:10:06,756,6285,1717,1321,1356,573,5768,-3,42,0,517
2024-09-18 08:30:09,742,6428,1690,1383,1359,553,5898,115,45,0,529
2024-09-17 21:45:47,678,6583,1772,1425,1358,288,5596,-3,55,0,986
2024-09-17 08:26:37,747,6308,1441,1367,1357,503,5658,168,56,0,650
2024-09-16 21:20:20,757,6740,1512,1362,1348,447,5496,-3,49,0,1243
2024-09-16 09:56:20,692,6229,1135,1153,1363,700,5466,364,49,0,763
2024-09-15 23:26:16,861,5008,1078,1227,1366,547,5126,-3,43,0,-118
2024-09-15 10:39:53,726,4289,632,642,1354,161,4348,780,36,0,-58
2024-09-15 00:08:45,810,4966,1088,820,1345,1354,5459,-3,42,0,-493
2024-09-14 12:26:53,769,5405,910,728,1333,1444,5484,257,39,0,-78
2024-09-14 01:47:28,837,5200,665,768,1355,1709,5380,-3,47,0,-180
2024-09-13 14:38:30,788,6226,812,1155,1354,1226,6166,787,43,0,59
2024-09-13 04:09:50,821,5088,769,1222,1349,141,4338,-3,37,0,750
2024-09-12 11:00:38,776,6036,1144,1139,1320,319,5398,659,38,0,637
2024-09-12 00:30:03,806,5306,1173,1138,1338,290,4785,-2,40,0,521
2024-09-11 12:46:28,785,6753,1189,1097,1341,628,5284,204,38,0,1469
2024-09-11 02:08:31,827,5281,1076,1090,1341,168,4543,-3,43,0,738
2024-09-10 13:59:01,800,6288,1127,993,1287,259,4993,482,41,0,1295
2024-09-10 03:09:00,773,5078,868,1084,1347,119,4231,-3,41,0,846
2024-09-09 15:17:28,681,5742,978,981,1291,87,5070,1007,42,0,671
2024-09-09 04:08:32,703,4522,856,1155,1340,321,4413,-3,38,0,108
2024-09-08 16:00:28,629,4123,536,546,1341,694,4785,998,37,0,-661
2024-09-08 05:29:49,698,4586,662,670,1336,1167,4572,-3,39,0,13
2024-09-07 18:17:40,679,5850,1010,1114,1331,1298,5722,243,40,0,127
2024-09-07 07:46:44,678,5177,926,1014,1328,1759,5846,86,52,0,-668
2024-09-06 19:55:22,908,7031,1556,1117,1321,550,5508,-2,56,0,1523
2024-09-06 07:47:15,945,6182,1130,1110,1328,681,5337,85,54,0,845
2024-09-05 18:47:45,944,6822,1332,1052,1320,946,5793,140,53,0,1029
2024-09-05 07:52:26,916,6160,1162,1078,1337,699,5378,107,53,0,781
2024-09-04 20:58:34,945,7329,1471,1095,1320,990,5903,0,53,0,1425
2024-09-04 10:16:48,911,6045,1162,1035,1283,690,5877,741,50,0,168
2024-09-03 22:29:24,951,6634,1553,1173,1337,188,5256,-3,54,0,1378
2024-09-03 10:25:26,778,5942,1042,956,1342,314,5383,900,48,0,558
2024-09-02 23:55:35,764,5669,1109,1058,1324,362,4667,-2,50,0,1002
2024-09-02 13:25:37,728,5895,1015,929,1276,210,5327,1118,48,0,568
2024-09-02 02:55:23,716,4651,989,1064,1334,382,4534,0,46,0,116
2024-09-01 16:00:18,755,4942,847,752,1326,381,4710,602,43,0,232
2024-09-01 05:30:27,919,4715,758,1029,1328,698,4778,-3,48,0,-63
2024-08-31 18:00:42,891,6046,1437,963,1332,586,5481,221,49,0,565
2024-08-31 07:16:20,923,5239,1478,1122,1334,580,5508,11,51,0,-268
2024-08-30 14:25:42,956,6283,1256,1063,1301,843,6052,582,49,0,231
2024-08-30 03:40:44,818,5175,1020,1081,1338,1144,5452,-2,52,0,-276
2024-08-29 15:56:39,831,6317,1184,1009,1282,656,5594,577,51,0,722
2024-08-29 05:26:52,750,5417,984,1176,1315,808,5086,-3,52,0,331
2024-08-28 17:56:52,1092,6980,1369,1244,684,536,5216,223,49,0,1763
2024-08-28 05:59:22,969,5519,1102,1140,685,489,4437,-3,52,0,1082
2024-08-27 18:25:49,856,6990,1705,1253,681,220,4920,150,52,0,2070
2024-08-27 06:25:23,735,5704,1191,1291,678,748,4695,-4,53,0,1008
2024-08-26 18:29:27,772,7386,1442,1197,672,1320,5640,182,52,0,1745
2024-08-26 06:47:42,685,5504,1090,1292,1338,383,4843,2,49,0,660
2024-08-25 18:55:43,802,6302,1429,945,1342,733,5444,146,45,0,857
2024-08-25 08:26:31,670,4653,776,910,1333,544,4647,366,44,0,6
2024-08-24 15:39:50,782,5326,587,926,1316,264,4935,1012,45,0,391
2024-08-24 05:08:41,888,5105,1025,1233,1329,194,4722,-1,50,0,382
2024-08-23 17:26:25,1043,6666,1241,1111,1303,129,5565,683,53,0,1101
2024-08-23 05:47:32,871,5401,1020,1214,1332,1189,5680,-3,53,0,-279
2024-08-22 17:56:24,898,7016,1286,1147,1320,593,5699,391,55,0,1317
2024-08-22 06:08:41,790,5555,1082,1213,1325,429,4890,-3,50,0,664
2024-08-21 18:29:25,760,7259,1419,1203,1314,181,5207,276,52,0,2051
2024-08-21 07:59:33,816,6254,1247,1227,1329,41,4882,169,49,0,1372
2024-08-20 21:06:28,873,7559,1551,1217,1323,237,5272,-2,52,0,2286
2024-08-20 09:38:27,766,6305,1163,1118,1294,8,5066,666,48,0,1239
2024-08-19 23:08:27,842,6463,1259,1214,1317,113,4800,-3,52,0,1663
2024-08-19 10:47:25,519,6138,1027,1040,1283,122,5059,1020,45,0,1079
2024-08-19 00:17:48,827,5391,1143,1184,1342,139,4687,-3,40,0,703
2024-08-18 12:29:43,753,4712,724,1063,1341,231,5161,1007,39,0,-449
2024-08-18 01:59:42,852,5094,1009,1194,1341,248,4683,-3,40,0,410
2024-08-17 14:08:28,781,5433,619,936,1344,622,5414,1068,40,0,19
2024-08-17 03:38:26,888,5068,1003,1198,1338,417,4892,-3,44,0,175
2024-08-16 16:38:18,979,6631,1116,1221,1285,1029,6323,645,44,0,307
2024-08-16 06:08:36,934,5042,999,1180,1336,127,4614,-3,40,0,428
2024-08-15 19:25:24,890,6685,1573,1218,1335,1251,6381,68,44,0,304
2024-08-15 08:55:28,933,5193,934,1184,1335,362,5330,535,46,0,-136
2024-08-14 22:25:27,1077,7112,1254,1277,1328,1134,6119,-2,50,0,993
2024-08-14 11:38:26,900,6096,1066,1073,1283,557,6094,1162,48,0,2
2024-08-14 01:08:30,997,5606,1012,1245,1328,430,5059,-2,44,0,547
2024-08-13 14:17:45,797,6239,1080,1012,1306,139,5552,1169,46,0,686
2024-08-13 03:46:29,754,5145,885,1239,1333,662,4924,-3,52,0,220
2024-08-12 16:47:51,759,6398,1138,1150,1245,312,5555,896,52,0,842
2024-08-12 06:17:28,731,5055,898,1224,1343,417,4660,-1,46,0,395
2024-08-11 18:26:40,710,5738,1147,1164,1339,122,4943,411,47,0,794
2024-08-11 07:56:49,712,4618,948,1230,1344,403,4911,224,46,0,-293
2024-08-10 21:26:29,804,6709,1455,1287,1330,500,5451,-3,55,0,1257
2024-08-10 09:59:36,634,5127,879,752,1334,313,4740,774,52,0,386
2024-08-09 23:30:34,779,5842,1131,1228,1324,179,4696,-3,56,0,1145
2024-08-09 12:00:47,728,6416,1233,1189,1310,41,5289,731,54,0,1126
2024-08-09 01:30:29,736,5349,1040,1238,1319,126,4514,-2,55,0,834
2024-08-08 12:56:32,684,5702,796,1149,1303,0,5184,1203,46,0,517
2024-08-08 02:25:40,725,5105,1027,1263,1328,9,4402,-3,51,0,702
2024-08-07 14:25:36,679,5515,901,1135,1322,288,5416,1041,46,0,98
2024-08-07 03:47:38,658,4815,946,1276,1337,904,5170,-3,51,0,-355
2024-08-06 15:26:18,629,5598,854,1162,1279,386,5091,714,46,0,506
2024-08-06 04:55:34,679,5182,985,1246,1329,572,4861,-4,52,0,321
2024-08-05 17:16:25,644,6237,1119,1208,1293,86,4954,550,51,0,1283
2024-08-05 06:46:40,785,5278,1044,1268,1325,98,4597,24,51,0,680
2024-08-04 19:16:33,901,5687,1484,918,1323,569,5355,109,45,0,332
2024-08-04 08:46:29,702,4958,1064,769,1319,500,4749,345,47,0,209
2024-08-03 22:17:30,876,6623,1809,1320,1316,494,5878,-3,56,0,744
2024-08-03 11:25:16,656,5506,929,843,1303,882,5453,786,50,0,52
2024-08-03 00:56:39,775,5753,1122,1265,1317,876,5405,-2,50,0,347
2024-08-02 14:25:46,747,6425,1170,1200,1301,208,5741,1065,47,0,684
2024-08-02 03:55:30,788,5364,997,1328,1327,600,5092,-3,53,0,271
2024-08-01 16:59:24,820,6451,1226,1203,1303,431,5836,800,50,0,615
2024-08-01 06:29:38,828,5648,1033,1290,1316,109,4641,10,53,0,1006
2024-07-31 19:09:23,848,6974,1706,1276,1307,98,5491,198,52,0,1482
2024-07-31 08:39:39,782,6107,1352,1233,1320,117,5393,535,50,0,714
2024-07-30 21:57:44,865,7105,1839,1336,1316,724,6135,-2,53,0,969
2024-07-30 10:29:46,744,5942,977,1250,1289,825,6094,955,49,0,-151
2024-07-29 23:59:32,815,6075,1418,1222,1306,699,5513,-2,54,0,562
2024-07-29 12:26:44,723,5880,857,1205,1244,343,5648,1223,51,0,232
2024-07-29 01:17:37,853,5374,1111,1315,1306,798,5444,6,51,0,-69
2024-07-28 13:17:17,730,4645,668,423,1306,42,4391,1168,52,0,253
2024-07-28 02:46:35,853,5027,1164,891,1302,21,4281,-3,51,0,745
2024-07-27 14:47:25,720,4960,689,1196,1268,212,5260,1122,51,0,-299
2024-07-27 04:17:24,910,5277,1226,1309,1301,717,5519,-2,55,0,-242
2024-07-26 16:29:42,901,6209,1008,1249,1299,952,6227,756,58,0,-18
2024-07-26 04:25:33,963,5326,1128,1324,1297,832,5603,-2,59,0,-276
2024-07-25 11:59:21,827,6296,972,1109,959,100,5077,1046,60,0,1218
2024-07-25 01:08:44,946,5889,1295,1304,665,237,4506,13,43,0,1382
2024-07-24 13:08:36,1063,6967,1204,1209,648,98,5174,908,41,0,1793
2024-07-24 02:38:39,1080,5766,1208,1292,645,607,4878,-2,47,0,888
2024-07-23 13:08:23,989,6686,1263,1193,649,366,5661,1144,54,0,1024
2024-07-23 01:27:39,1054,5905,1191,1289,663,801,5052,-2,54,0,852
2024-07-22 13:19:40,930,6948,1346,1204,649,243,5379,952,53,0,1568
2024-07-22 02:46:18,861,5168,1133,1243,668,183,4137,-1,48,0,1030
2024-07-21 15:08:21,888,5498,1017,860,667,147,4300,673,45,0,1197
2024-07-21 04:38:26,1056,5393,1161,1207,665,100,4234,-2,46,0,1158
2024-07-20 16:56:31,991,6393,1267,1144,657,216,4935,611,46,0,1458
2024-07-20 06:26:33,1107,5518,1167,1291,653,742,5033,15,54,0,485
2024-07-19 18:47:26,1239,7876,1942,1294,662,752,6236,288,55,0,1640
2024-07-19 08:08:44,1177,7023,1287,1213,1317,1404,6764,309,55,0,258
2024-07-18 21:38:37,1277,8298,3282,1348,1287,189,7468,0,53,0,829
2024-07-18 10:16:32,1171,7612,1415,1177,1279,212,6088,779,51,0,1524
2024-07-17 23:46:47,1132,7186,1511,1264,1312,446,5726,5,54,0,1460
2024-07-17 12:08:37,1144,7641,1748,1165,1288,255,6773,1119,51,0,868
2024-07-17 01:38:29,1177,6435,1334,1313,1319,266,5462,-1,51,0,973
2024-07-16 14:46:50,1087,7921,1400,1100,1302,850,6769,985,43,0,1152
2024-07-16 04:17:34,1070,5922,1320,1292,1326,388,5447,-2,51,0,475
2024-07-15 17:48:44,1174,8011,1702,1207,1296,614,6611,552,54,0,1400
2024-07-15 07:17:41,1080,6483,1281,1233,1332,370,5478,125,55,0,1004
2024-07-14 16:25:46,930,6144,1621,853,1333,243,5881,850,48,0,263
2024-07-14 05:55:28,1019,5241,1329,1205,1330,13,4958,5,53,0,283
2024-07-13 18:55:20,1053,7463,1957,926,1335,153,5820,339,53,0,1642
2024-07-13 08:26:23,976,6005,1250,763,1330,228,5058,453,55,0,946
2024-07-12 21:29:45,1094,8200,2531,1229,1327,222,6487,1,56,0,1713
2024-07-12 08:47:23,1013,7030,1694,1197,1336,76,5901,523,58,0,1129
2024-07-11 21:09:31,934,8302,3552,1226,1310,253,7344,0,55,0,958
2024-07-11 05:38:45,879,5852,1431,1185,1334,958,5844,0,55,0,7
2024-07-10 19:08:40,921,7812,2377,1202,1325,351,6465,232,53,0,1346
2024-07-10 08:38:24,937,6900,1974,1174,1336,793,6802,533,52,0,98
2024-07-09 22:08:40,957,7944,2335,1249,1329,743,6669,-1,49,0,1274
2024-07-09 11:38:37,774,6561,1218,933,1296,1037,6474,1180,48,0,87
2024-07-08 14:17:08,843,6593,1365,1114,1278,194,6057,1210,49,0,535
2024-07-08 02:38:31,942,5236,1425,1260,1314,31,5021,2,45,0,214
2024-07-07 16:08:41,723,5029,821,584,1278,305,4740,987,40,0,288
2024-07-07 05:40:47,940,4905,1187,823,1321,104,4418,0,41,0,487
2024-07-06 19:00:41,871,6470,2017,793,1326,280,5684,348,46,0,786
2024-07-06 08:25:31,874,5362,1389,772,1328,322,5219,482,50,0,143
2024-07-05 21:46:52,879,7296,2042,1247,1322,205,5745,-1,49,0,1550
2024-07-05 11:07:38,747,5882,1226,1122,1246,704,6093,994,52,0,-211
2024-07-05 00:38:38,837,5745,1738,1278,1311,606,5821,-1,51,0,-76
2024-07-04 14:08:29,746,6133,1251,1144,1276,127,5378,780,51,0,754
2024-07-04 03:38:54,939,5353,1365,1219,1327,176,5078,-2,52,0,274
2024-07-03 17:09:21,804,6808,1653,1163,1280,236,5577,386,47,0,1231
2024-07-03 06:30:25,876,5793,1473,1185,1329,415,5335,8,45,0,457
2024-07-02 19:59:41,950,7400,2121,1181,1299,1508,7117,12,44,0,282
2024-07-02 07:59:51,941,6768,1482,1238,1325,531,5715,158,35,0,1052
2024-07-01 21:29:33,949,7998,2129,1238,1317,1218,6885,-1,34,0,1113
2024-07-01 11:00:19,951,6651,1435,1156,1282,272,6156,1022,35,0,494
2024-07-01 00:29:29,883,5710,1710,1217,1338,658,5835,-2,30,0,-125
2024-06-30 13:59:23,757,4990,1132,912,1283,313,5504,1074,32,0,-514
2024-06-30 03:29:06,907,5044,1777,1250,966,232,5159,-2,30,0,-115
2024-06-29 14:08:06,786,5536,1222,731,680,390,4916,1074,31,0,620
2024-06-29 03:38:19,928,5439,1765,1274,679,249,4927,-2,34,0,511
2024-06-28 17:08:06,1095,6803,1792,1157,667,763,6251,741,35,0,552
2024-06-28 06:26:06,1152,5733,1698,1213,672,41,4847,37,34,0,887
2024-06-27 19:56:33,1197,7437,2934,1269,674,357,6537,69,38,0,900
2024-06-27 08:55:06,1139,6771,2000,1238,673,79,5650,482,39,0,1121
2024-06-26 22:09:06,1109,7417,2483,1241,675,734,6279,-2,39,0,1138
2024-06-26 10:56:07,1103,6500,1901,1180,652,84,5865,909,37,0,635
2024-06-26 00:26:06,1159,6001,2392,1229,672,293,5782,-1,38,0,219
2024-06-25 13:55:29,1228,6645,2030,1056,655,272,6184,906,37,0,461
2024-06-25 03:25:10,947,4981,1706,1105,680,728,5199,-2,34,0,-218
2024-06-24 16:55:05,686,5716,1595,616,684,604,4870,648,37,0,846
2024-06-24 06:26:30,809,4784,1693,658,686,180,4082,25,31,0,702
2024-06-23 19:55:12,842,6062,2229,699,689,359,4936,89,28,0,1126
2024-06-23 09:08:10,760,4667,1463,627,690,43,4181,563,34,0,486
2024-06-22 22:38:05,805,6726,2544,1121,687,771,5958,-2,33,0,768
2024-06-22 12:08:31,663,5463,1526,767,684,135,4914,1104,34,0,549
2024-06-22 01:38:12,829,5818,1939,1128,686,257,4870,-1,32,0,948
2024-06-21 15:09:05,949,6491,1680,1009,671,77,5498,1076,36,0,993
2024-06-21 04:37:34,981,5602,1583,1112,686,1082,5476,-2,34,0,126
2024-06-20 18:00:22,1003,7368,2232,1007,675,1361,6798,490,30,0,570
2024-06-20 07:29:22,989,6464,2018,1050,685,338,5272,161,33,0,1191
2024-06-19 20:59:44,1046,7668,2450,1090,682,985,6285,2,30,0,1383
2024-06-19 09:29:26,652,6457,2049,1037,683,32,5227,742,33,0,1229
2024-06-18 23:00:22,823,6953,2630,1156,680,139,5460,-1,34,0,1493
2024-06-18 12:26:50,892,6008,1720,1021,661,81,5532,1124,32,0,476
2024-06-18 01:55:32,874,5532,2063,1134,676,156,4936,-2,34,0,596
2024-06-17 15:25:22,899,6105,1744,1000,651,147,5377,896,40,0,727
2024-06-17 04:55:22,846,4717,1517,1094,688,315,4495,-1,36,0,223
2024-06-16 18:08:51,883,5145,1646,358,691,118,4221,489,36,0,924
2024-06-16 07:29:41,866,4397,1502,264,687,273,3821,191,37,0,577
2024-06-15 20:57:24,936,6121,2702,324,689,384,5074,1,37,0,1047
2024-06-15 10:26:22,736,5076,1528,217,689,1495,5539,828,38,0,-463
2024-06-14 23:56:46,744,5582,1724,1090,687,1936,6235,-2,54,0,-653
2024-06-14 13:18:35,781,6136,1701,1121,684,211,5275,733,56,0,862
2024-06-14 02:29:35,876,5336,1495,1156,682,1012,5278,-2,58,0,58
2024-06-13 15:59:22,860,6254,1697,1099,685,623,5842,823,55,0,411
2024-06-13 05:29:22,912,5461,1737,1138,681,118,4639,-1,54,0,822
2024-06-12 18:59:37,971,7060,2403,1182,677,136,5608,186,52,0,1452
2024-06-12 08:29:22,727,6430,1837,1111,681,929,5782,442,54,0,648
2024-06-11 22:00:22,987,7390,2518,1196,672,468,5900,6,53,0,1490
2024-06-11 11:29:39,949,6386,1812,1052,655,250,5667,901,47,0,719
2024-06-11 00:59:22,869,5834,1884,1121,678,1840,6443,-2,51,0,-609
2024-06-10 14:26:22,943,6533,1895,818,664,823,6138,946,49,0,395
2024-06-09 22:17:29,968,6185,2176,1174,683,1337,6385,-2,48,0,-200
2024-06-09 10:29:29,775,4739,1156,601,685,94,4050,690,50,0,689
2024-06-08 23:59:22,901,5595,2313,762,684,251,4957,-2,49,0,638
2024-06-08 13:29:50,801,5385,1482,629,686,231,4749,864,51,0,636
2024-06-08 02:59:31,890,5252,1665,1141,678,238,4657,-2,49,0,595
2024-06-07 16:29:22,1022,6276,1799,1063,668,392,5673,672,51,0,603
2024-06-07 04:08:45,990,5321,1619,1116,681,-4,4454,-2,54,0,868
2024-06-06 17:38:26,859,6357,1887,1064,666,226,5406,652,49,0,952
2024-06-06 07:08:22,834,5985,1886,1131,683,557,5276,130,54,0,709
2024-06-05 20:38:47,1068,7017,2792,912,684,74,5597,13,53,0,1420
2024-06-05 10:08:28,1011,5893,2021,843,686,321,5683,752,50,0,210
2024-06-04 23:37:22,935,5962,2583,1189,679,143,5579,-2,50,0,383
2024-06-04 13:08:49,908,5949,1940,998,654,398,5829,882,49,0,120
2024-06-04 02:38:30,899,5141,2253,1158,680,279,5309,-2,42,0,-168
2024-06-03 16:08:22,908,6433,2059,1083,646,830,6143,569,47,0,290
2024-06-03 04:17:14,909,4637,1540,741,688,393,4312,-2,43,0,325
2024-06-02 17:46:04,734,4600,1019,652,692,1240,4866,486,43,0,-267
2024-06-02 07:17:03,738,4295,1189,711,693,380,3880,121,49,0,416
2024-06-01 20:47:16,913,5986,2313,802,695,856,5633,3,50,0,353
2024-06-01 09:59:15,915,4917,2035,667,693,120,5156,678,48,0,-239
2024-05-31 23:25:03,955,5923,2056,734,695,1172,5661,-2,52,0,262
2024-05-31 12:47:03,848,5386,1609,673,682,184,5172,1124,45,0,214
2024-05-31 02:08:03,972,5108,1498,752,695,725,4697,-2,50,0,411
2024-05-30 15:38:19,987,5738,1555,581,658,110,4678,733,54,0,1060
2024-05-30 02:29:02,991,5098,1770,740,687,163,4388,-2,39,0,710
2024-05-29 15:55:26,1012,6116,1835,696,674,55,4723,410,42,0,1393
2024-05-29 05:16:16,1005,5163,1568,363,686,69,3735,-3,42,0,1428
2024-05-28 18:38:05,864,6187,1917,357,685,224,4397,294,56,0,1790
2024-05-28 08:08:02,1018,6414,2164,328,684,147,4575,182,53,0,1839
2024-05-27 21:29:02,1009,6875,2220,367,686,443,4777,-2,53,0,2098
2024-05-27 10:59:16,980,5847,1481,249,683,1352,5595,796,55,0,252
2024-05-27 00:25:02,979,4943,1869,286,685,434,4305,-2,53,0,638
2024-05-26 13:55:02,601,3864,929,228,687,729,4372,1147,52,0,-508
2024-05-26 03:26:21,728,4716,1818,280,688,372,3937,-1,51,0,779
2024-05-25 16:56:02,741,5099,1477,245,688,1782,5612,630,50,0,-513
2024-05-25 06:25:02,844,4852,1494,249,685,1477,4817,17,52,0,35
2024-05-24 19:55:24,1080,6593,2420,321,681,669,5331,101,53,0,1262
2024-05-24 09:17:13,964,6043,1886,251,680,834,5318,644,58,0,726
2024-05-23 22:38:03,1048,6419,2155,310,681,297,4542,-2,53,0,1877
2024-05-23 12:08:02,914,6109,1595,267,673,203,4335,626,56,0,1774
2024-05-23 01:29:02,964,5302,1722,256,685,84,3759,-2,50,0,1543
2024-05-22 14:57:16,871,5578,1047,593,675,513,4647,897,51,0,931
2024-05-22 03:59:25,950,5064,1519,594,695,301,4108,-2,51,0,956
2024-05-21 17:30:05,877,5493,1388,611,690,644,4907,641,55,0,586
2024-05-21 06:59:02,893,5664,1518,621,688,394,4254,88,52,0,1410
2024-05-20 20:29:27,978,6802,2308,662,675,395,5080,8,53,0,1722
2024-05-20 10:01:06,573,6005,1309,646,666,736,4589,603,55,0,1417
2024-05-19 23:29:02,648,5393,2543,706,686,674,5309,-2,53,0,84
2024-05-19 12:59:29,661,4468,1809,235,687,439,4627,748,49,0,-159
2024-05-19 02:29:10,685,4822,1581,288,1361,365,4330,-2,52,0,492
2024-05-18 14:39:12,628,4774,1157,198,1367,660,5028,977,43,0,-254
2024-05-17 20:48:21,909,6976,2445,665,1333,470,5869,-1,47,0,1107
2024-05-17 05:38:02,900,5365,1519,607,1366,136,4570,-2,46,0,795
2024-05-16 12:29:13,769,5462,1287,461,1264,62,5052,1173,49,0,409
2024-05-16 02:00:02,890,5387,1649,662,1362,110,4718,-3,47,0,669
2024-05-15 15:29:02,753,5580,1547,636,1328,204,5275,763,44,0,306
2024-05-15 04:59:15,659,5288,1504,635,1369,539,4750,-3,48,0,538
2024-05-14 18:25:02,601,6100,2157,648,1313,671,5817,377,50,0,283
2024-05-14 07:55:02,535,6026,1863,642,1363,549,5225,225,48,0,800
2024-05-13 21:26:20,649,7095,2900,690,1359,161,5809,-1,49,0,1286
2024-05-13 10:17:02,535,5682,1460,222,1308,500,4887,806,56,0,795
2024-05-12 18:00:14,562,5103,1661,205,1358,453,4547,253,54,0,555
2024-05-12 07:25:02,602,4571,1397,217,1359,812,4531,86,57,0,40
2024-05-11 20:48:03,658,6487,2617,294,1362,366,5352,-2,58,0,1135
2024-05-11 10:08:02,611,4969,1530,228,1358,136,4683,762,58,0,286
2024-05-10 23:38:19,644,5863,2079,298,1346,433,4855,-2,56,0,1008
2024-05-10 12:25:43,435,5149,1213,242,1306,894,5248,1101,58,0,-99
2024-05-10 01:56:23,519,5305,1868,285,1357,426,4508,-2,55,0,797
2024-05-09 08:30:17,659,6684,2358,291,1350,740,5545,92,54,0,1138
2024-05-08 21:59:17,624,6758,2773,447,1341,522,5757,-2,51,0,1001
2024-05-08 11:30:28,650,6169,1623,433,1351,928,5596,559,52,0,573
2024-05-07 21:17:17,548,6659,2426,382,1201,748,5343,-1,40,0,1316
2024-05-07 10:38:45,439,5196,1827,385,975,185,4668,812,45,0,527
2024-05-06 23:59:35,480,4456,1810,386,667,1741,5121,-2,40,0,-665
2024-05-06 13:30:17,430,3117,730,370,665,857,4218,1119,46,0,-1100
2024-05-06 02:59:17,428,3913,1415,364,663,1370,4281,-3,44,0,-368
2024-05-05 16:26:40,444,3157,706,349,668,246,3117,664,39,0,40
2024-05-05 05:38:39,506,4018,1465,429,663,74,3177,-2,43,0,841
2024-05-04 19:08:20,498,5298,2304,378,669,1754,5779,129,47,0,-480
2024-05-04 08:38:17,496,4716,2603,445,670,471,5022,295,44,0,-307
2024-05-03 22:08:41,527,5947,2678,454,671,106,4482,-2,48,0,1465
2024-05-03 11:38:22,416,4853,2174,373,673,100,4334,553,45,0,519
2024-05-03 01:00:16,491,4877,2114,378,664,462,4152,-2,46,0,725
2024-05-02 14:08:16,443,4888,1437,360,666,749,4371,668,48,0,517
2024-05-02 03:38:16,496,4469,1666,389,673,843,4112,-3,48,0,356
2024-05-01 17:08:35,479,4996,1466,362,675,1291,4751,432,46,0,245
2024-05-01 06:29:25,558,4816,2281,412,669,1688,5656,4,44,0,-840
2024-04-30 19:59:16,671,6396,2842,447,1339,1303,6678,23,53,0,-282
2024-04-30 09:29:46,661,6280,2970,450,1266,1706,7522,415,54,0,-1241
2024-04-29 22:59:27,622,6110,2661,451,1356,1035,6176,-2,53,0,-67
2024-04-29 12:30:16,491,5342,1268,386,1332,2117,6644,996,54,0,-1302
2024-04-29 01:59:16,659,4758,1896,430,1390,724,5148,-2,51,0,-390
2024-04-28 15:29:29,465,3812,482,344,1389,292,3877,858,48,0,-65
2024-04-28 05:00:16,600,4746,1744,397,1387,993,5172,-2,54,0,-427
2024-04-27 18:29:16,623,5533,2106,402,1378,71,4887,253,52,0,646
2024-04-27 07:59:31,640,5395,1948,466,1382,19,4726,217,53,0,670
2024-04-26 21:29:16,655,7167,2495,424,1364,45,5037,0,53,0,2131
2024-04-26 10:59:17,732,6154,1966,410,1366,470,5843,848,51,0,311
2024-04-26 00:29:33,708,5772,1670,417,1374,1356,5577,-2,54,0,195
2024-04-25 13:59:16,586,6728,1842,365,1340,506,5138,445,53,0,1590
2024-04-25 03:29:16,700,5337,1562,398,1383,195,4290,-2,54,0,1046
2024-04-24 16:59:35,575,5936,1872,384,1372,1014,5956,680,58,0,-20
2024-04-24 06:29:16,721,5880,1794,458,1387,1690,6101,0,52,0,-221
2024-04-23 19:59:15,818,7299,2360,470,1395,1802,6902,0,56,0,397
2024-04-23 09:29:37,815,6871,2452,464,1360,410,5860,301,58,0,1011
2024-04-22 22:59:18,672,6309,2529,474,1353,75,5158,-2,57,0,1151
2024-04-22 12:30:15,676,6968,3293,459,1364,184,6452,419,56,0,516
2024-04-22 01:59:39,649,4759,2278,458,1376,661,5474,-1,53,0,-716
2024-04-21 15:29:20,574,4394,850,373,1379,153,4182,798,55,0,212
2024-04-21 04:59:15,738,4781,1720,414,1379,1367,5679,-3,63,0,-897
2024-04-20 18:29:41,776,5840,2394,410,1385,1443,6667,204,56,0,-827
2024-04-20 07:59:22,649,5554,2099,427,1385,1182,5966,174,50,0,-411
2024-04-19 21:29:14,796,7156,2623,477,1362,563,5872,-1,52,0,1284
2024-04-19 10:59:43,617,5918,1991,416,1309,94,5257,779,50,0,661
2024-04-19 00:29:24,626,5665,2039,427,1369,857,5367,-2,50,0,298
2024-04-18 13:59:14,594,6350,1884,401,1322,1212,5989,524,51,0,362
2024-04-18 03:29:14,781,5279,2296,466,1378,450,5420,-2,50,0,-141
2024-04-17 17:00:25,574,6516,2074,423,1352,1335,5913,122,54,0,603
2024-04-17 06:29:14,781,5737,2549,464,1379,783,6004,-1,49,0,-267
2024-04-16 19:59:14,660,6901,2677,435,1379,1193,6411,14,53,0,491
2024-04-16 09:29:28,797,6347,2625,469,1340,1132,6841,425,53,0,-494
2024-04-15 22:59:14,685,6094,2373,420,1367,2328,7221,-1,50,0,-1127
2024-04-15 12:29:14,606,5426,1972,408,1362,521,6012,1089,53,0,-586
2024-04-15 01:59:30,592,4696,1785,408,1380,1056,5274,-2,50,0,-578
2024-04-14 15:29:14,379,4065,554,324,1383,224,3754,839,52,0,311
2024-04-14 04:59:14,436,4524,1312,370,1386,162,3712,-3,50,0,812
2024-04-13 18:29:32,590,5589,1601,368,1390,81,4294,219,46,0,1295
2024-04-13 07:59:14,591,5312,1981,415,1386,323,4883,141,46,0,430
2024-04-12 21:29:14,696,7010,2549,481,1376,658,5821,-1,61,0,1188
2024-04-12 11:00:33,474,5723,1429,410,1367,1571,6254,942,59,0,-531
2024-04-12 00:30:14,506,5529,1694,509,1374,1493,5631,-2,57,0,-102
2024-04-11 13:08:14,504,5181,1439,435,1353,687,5636,1161,56,0,-454
2024-04-11 02:29:37,660,5140,1823,480,1387,181,4585,-2,56,0,554
2024-04-10 15:55:22,506,5233,1829,437,1375,275,5499,1011,66,0,-266
2024-04-10 05:17:14,650,5224,1873,471,1376,162,4590,-2,61,0,634
2024-04-09 18:47:14,567,6308,2439,454,1376,359,5461,199,66,0,846
2024-04-09 08:08:41,665,6389,2517,487,1378,223,5562,227,65,0,827
2024-04-08 21:38:22,681,6938,2706,552,1362,233,5596,-1,62,0,1342
2024-04-08 10:47:24,480,5548,1754,478,1388,52,5176,953,65,0,372
2024-04-07 23:59:23,621,5008,2187,496,1384,63,4812,-2,64,0,195
2024-04-07 13:08:25,501,4023,835,444,1391,575,4547,740,61,0,-523
2024-04-07 02:25:19,528,4737,1552,496,1385,208,4230,-2,64,0,507
2024-04-06 10:26:34,626,5445,2317,492,1379,1,5458,578,66,0,-13
2024-04-05 13:59:22,542,5610,1359,466,1365,92,4848,959,65,0,762
2024-04-05 02:16:17,563,5249,1840,545,1374,324,4702,-2,58,0,546
2024-04-04 15:47:14,631,6031,2189,568,1349,189,5385,396,63,0,647
2024-04-04 04:37:17,588,5166,2086,549,1392,150,4826,-2,64,0,341
2024-04-03 18:08:12,516,6154,2351,557,1379,1365,6550,316,66,0,-396
2024-04-03 07:29:12,629,6518,2496,595,1393,823,6029,23,68,0,490
2024-04-02 20:59:27,591,7104,2769,594,1399,2120,7536,0,63,0,-433
2024-04-02 10:08:29,533,6164,2390,574,1382,1120,6525,441,67,0,-361
2024-04-01 23:38:12,535,5523,1793,569,1370,1461,5792,-1,65,0,-268
2024-04-01 13:08:12,544,5308,1394,524,1295,195,4953,939,62,0,355
2024-04-01 02:38:31,542,4517,1627,628,1392,804,5053,-2,63,0,-536
2024-03-31 09:37:49,473,4602,1539,1024,1393,113,5094,487,64,0,-491
2024-03-30 22:07:30,535,5973,2175,1073,1394,1889,7131,0,65,0,-1158
2024-03-30 10:46:28,464,4951,1299,1016,1390,510,5680,936,65,0,-728
2024-03-29 20:26:37,636,7277,2312,1165,1380,685,6242,-1,65,0,1036
2024-03-29 08:56:28,519,6043,1540,1073,1383,1360,6630,692,64,0,-587
2024-03-28 22:25:28,655,6528,2414,1537,1378,920,6969,-1,67,0,-441
2024-03-28 11:57:39,601,6149,1815,1228,1319,1278,7040,727,72,0,-891
2024-03-28 01:26:28,641,5623,1590,1428,1388,2038,7149,-2,67,0,-1526
2024-03-27 14:55:28,548,6059,1467,1267,1344,2360,7808,749,70,0,-1749
2024-03-27 04:26:42,627,5449,1697,1549,1388,1569,6894,-1,66,0,-1445
2024-03-26 17:56:28,643,7000,2426,1674,1388,100,6373,75,68,0,626
2024-03-26 07:25:28,638,6865,2279,1460,1385,1395,7452,226,69,0,-587
2024-03-25 20:55:45,624,7462,2422,1659,1375,2169,8321,-1,69,0,-859
2024-03-25 10:25:28,541,6733,1789,1591,1320,2350,8180,518,71,0,-1447
2024-03-24 23:55:28,605,5369,1947,1195,1399,1057,6305,34,66,0,-936
2024-03-24 13:18:54,530,4831,922,1024,1400,512,5130,675,67,0,-300
2024-03-24 02:47:36,638,5023,1719,1222,1398,1398,6439,-2,67,0,-1416
2024-03-23 16:16:28,663,5386,1793,1162,1401,489,6169,596,66,0,-783
2024-03-23 05:47:57,759,5633,1734,1271,1385,185,5397,-2,65,0,236
2024-03-22 19:16:39,878,7670,3034,1667,1373,22,7020,-1,54,0,650
2024-03-22 08:46:27,743,7030,2192,1627,1394,239,6715,455,65,0,315
2024-03-21 22:17:27,791,6877,2569,1698,1367,624,7111,-1,63,0,-234
2024-03-21 11:47:40,848,6462,1886,1297,1296,853,7092,845,68,0,-631
2024-03-21 01:16:27,857,5765,2120,1632,1391,548,6612,-1,65,0,-847
2024-03-20 14:46:27,668,6423,1870,1602,1367,1436,7766,756,68,0,-1343
2024-03-20 04:16:43,773,5735,2003,1627,1394,946,6807,-1,65,0,-1071
2024-03-19 17:47:27,876,7340,2709,1704,1386,131,6941,60,69,0,399
2024-03-19 07:16:28,835,7008,2468,1667,1392,659,7126,37,66,0,-118
2024-03-18 19:29:27,776,7835,2722,1686,1368,194,6815,-1,67,0,1020
2024-03-18 08:59:44,706,7125,2274,1668,1398,450,6955,395,65,0,170
2024-03-17 22:29:27,740,5987,2235,1216,1398,944,6600,-1,67,0,-613
2024-03-17 11:59:27,649,4855,1939,1144,1398,332,6266,747,58,0,-1411
2024-03-17 01:30:45,749,5271,1819,1209,1392,158,5384,-2,57,0,-113
2024-03-16 14:59:27,666,5480,1998,1519,1393,-1,6360,728,57,0,-880
2024-03-16 04:29:27,744,5458,1904,1637,1389,242,5972,-1,57,0,-514
2024-03-15 18:00:47,830,7304,2884,1655,1355,120,6914,11,59,0,389
2024-03-15 07:29:29,852,7121,2579,1711,1400,325,6955,32,58,0,166
2024-03-14 20:59:27,941,7548,2625,1703,1368,549,7243,-1,58,0,305
2024-03-14 10:29:50,787,7492,2217,1650,1308,764,7074,292,57,0,418
2024-03-13 23:59:31,773,6173,2224,1633,1387,596,6667,-1,56,0,-494
2024-03-13 13:30:27,886,7573,2241,1697,1384,213,6719,241,56,0,854
2024-03-13 02:59:52,788,5643,1442,1611,1391,159,5439,-1,49,0,204
2024-03-12 16:29:33,857,7139,2213,1689,1387,1472,7814,148,48,0,-675
2024-03-12 05:59:27,811,5957,1417,1620,1380,2331,7607,-1,49,0,-1650
2024-03-11 19:29:54,842,7922,2626,1679,1356,2695,9247,0,49,0,-1325
2024-03-11 08:59:35,824,7648,2363,1275,1394,1839,7861,137,28,0,-214
2024-03-10 22:29:27,716,5959,1788,1208,1397,1862,6999,-1,28,0,-1040
2024-03-10 12:00:55,662,4790,1357,1217,1403,578,5987,741,29,0,-1197
2024-03-10 01:29:37,743,5324,1506,1244,1403,336,5258,-2,28,0,66
2024-03-09 15:00:27,639,5150,1397,1044,1400,63,5251,672,36,0,-101
2024-03-09 04:29:27,747,5610,1403,1272,1401,171,5029,-2,37,0,581
2024-03-08 17:59:39,780,7629,2581,1759,1379,59,6601,2,40,0,1028
2024-03-08 07:29:27,749,7097,2361,1713,1400,654,6929,15,37,0,168
2024-03-07 20:59:27,764,7670,2863,1758,1375,408,7213,0,45,0,456
2024-03-07 10:31:39,648,7269,2122,1648,1336,351,6574,411,57,0,695
2024-03-06 23:59:27,728,6063,2081,1653,1377,207,6102,-1,57,0,-39
2024-03-06 13:29:27,750,6992,1881,1677,1373,253,6342,353,55,0,650
2024-03-06 01:59:44,757,5732,1546,1636,1382,207,5577,-2,51,0,154
2024-03-05 15:29:27,660,6510,1709,1638,1336,577,6525,549,57,0,-15
2024-03-05 04:59:27,664,5626,1339,1572,1388,814,5831,-2,56,0,-206
2024-03-04 18:29:46,660,7496,2476,1673,1369,1043,7278,-1,57,0,218
2024-03-04 07:59:27,618,7023,2393,1682,1387,527,6835,175,54,0,188
2024-03-03 21:25:27,632,6321,2202,1631,1380,167,6065,-1,55,0,256
2024-03-03 10:08:40,559,5415,1755,1181,1382,26,5351,395,54,0,63
2024-03-02 23:38:27,544,5694,1889,1204,1378,594,5662,-2,54,0,32
2024-03-02 13:08:27,553,5992,1506,1181,1366,557,5730,514,53,0,262
2024-03-02 02:38:42,565,5441,1212,1197,1384,1476,5889,-2,56,0,-448
2024-03-01 16:08:27,561,6791,1763,1627,1366,1626,7145,142,59,0,-354
2024-03-01 05:38:27,659,5938,1575,1630,1392,849,6161,-1,57,0,-223
2024-02-29 19:08:45,908,7749,2677,1691,1369,1058,7758,0,54,0,-9
2024-02-29 08:37:27,739,7264,2052,1673,1387,429,6487,161,57,0,777
2024-02-28 21:59:27,853,6940,2363,1687,1398,636,6993,-1,58,0,-53
2024-02-28 11:29:56,711,6407,1647,1670,1393,137,6307,693,56,0,101
2024-02-28 01:01:35,718,5604,1512,1604,1388,420,5703,-1,56,0,-99
2024-02-27 14:29:27,746,5984,1772,1654,1366,92,6543,857,58,0,-559
2024-02-27 03:59:27,898,5508,1487,1682,1394,194,5712,-2,57,0,-204
2024-02-26 17:30:38,888,6986,2270,1654,1332,1433,7664,35,52,0,-678
2024-02-26 06:59:27,793,6320,2035,1651,1399,1404,7339,0,57,0,-1019
2024-02-25 20:29:27,753,6457,2216,1665,1402,1605,7694,-1,53,0,-1237
2024-02-25 09:59:41,723,5461,1926,1657,1399,640,6589,193,52,0,-1128
2024-02-24 23:29:27,762,5581,1969,1663,1391,1022,6858,-1,52,0,-1277
2024-02-24 12:59:27,843,5819,2164,1627,1387,344,7052,626,54,0,-1233
2024-02-24 02:30:42,893,5453,1490,1685,1389,843,6350,-1,51,0,-897
2024-02-23 15:59:27,884,6752,2294,1645,1384,610,7192,318,56,0,-440
2024-02-23 05:29:27,797,5768,1584,1617,1386,1493,6932,-1,55,0,-1163
2024-02-22 18:59:45,872,7815,2513,1725,1358,1403,7927,-1,55,0,-111
2024-02-22 08:29:27,787,7475,2410,1734,1388,170,6777,230,58,0,698
2024-02-21 22:01:27,876,7081,2490,1754,1384,121,6680,-1,56,0,401
2024-02-21 11:29:47,744,7129,2332,1674,1370,81,6634,377,57,0,495
2024-02-21 00:59:28,841,5951,1751,1713,1362,381,6103,-1,57,0,-152
2024-02-20 14:29:27,742,6949,2129,1646,1337,143,6497,442,58,0,451
2024-02-20 03:59:48,865,5591,1675,1608,1368,286,5856,-2,55,0,-265
2024-02-19 17:29:29,779,7402,2749,1567,1305,35,6510,17,53,0,892
2024-02-19 06:59:27,901,6541,2317,1530,1374,191,6370,-2,59,0,170
2024-02-18 20:29:50,852,6645,2458,1527,1396,1059,7347,-1,56,0,-702
2024-02-18 10:00:30,865,5766,2451,1460,1399,111,6592,258,46,0,-826
2024-02-17 12:59:53,869,6192,2383,1490,1398,26,6705,486,53,0,-513
2024-02-17 02:29:33,735,5492,2192,1506,1400,300,6187,-1,56,0,-695
2024-02-16 16:00:27,752,6470,2144,1470,1384,523,6815,483,58,0,-345
2024-02-16 05:30:53,710,5823,2128,1490,1390,1730,7504,-1,57,0,-1681
2024-02-15 18:59:35,858,7929,2730,1515,1382,2068,8612,0,57,0,-683
2024-02-15 08:29:27,733,7555,2597,1516,1390,2498,8931,141,58,0,-1376
2024-02-14 21:59:56,711,6989,2357,1515,1384,2435,8459,-1,57,0,-1470
2024-02-14 11:29:37,754,7173,2298,1466,1337,2044,8360,404,57,0,-1187
2024-02-14 00:59:27,838,5609,1758,1488,1384,1288,6811,-1,56,0,-1202
2024-02-13 08:08:27,744,7263,2384,1497,1394,293,6388,17,58,0,875
2024-02-12 21:29:27,889,7117,2768,1488,1372,1385,7960,-1,59,0,-843
2024-02-12 10:59:56,735,6954,2210,1491,1323,2194,8315,300,57,0,-1360
2024-02-12 00:29:37,739,5113,1648,1493,1395,2148,7472,-1,52,0,-2359
2024-02-11 13:59:27,870,5464,1765,1466,1390,2342,8178,292,54,0,-2715
2024-02-11 03:29:27,707,4820,1433,1446,1392,1523,6552,-1,52,0,-1732
2024-02-10 16:59:39,728,6362,2119,1469,1385,1007,6793,29,56,0,-431
2024-02-10 06:29:27,737,5548,1927,1504,1394,768,6383,-1,55,0,-835
2024-02-09 19:59:27,724,7658,2350,1506,1383,1937,7956,-1,56,0,-298
2024-02-09 09:29:41,757,7439,2149,1514,1334,1372,7475,292,56,0,-37
2024-02-08 22:59:27,862,6371,2593,1521,1376,1205,7613,-1,57,0,-1242
2024-02-08 12:29:27,854,6874,2281,1524,1288,1066,7631,558,59,0,-756
2024-02-08 01:59:43,741,5596,1832,1506,1394,1860,7386,-1,55,0,-1790
2024-02-07 15:29:27,730,6516,1649,1466,1355,1793,7517,467,56,0,-1001
2024-02-07 04:59:27,707,5611,1499,1535,1398,1895,7089,-1,56,0,-1478
2024-02-06 18:30:44,937,7707,2538,1523,1391,2038,8490,-1,60,0,-783
2024-02-06 08:01:27,925,7490,2145,1506,1400,2208,8274,25,59,0,-784
2024-02-05 21:29:27,952,7274,2236,1634,1379,2128,8388,-1,60,0,-1115
2024-02-05 11:00:46,904,7428,1972,1580,1355,2163,8561,529,58,0,-1133
2024-02-05 00:30:27,772,5548,1444,1631,1403,1913,7247,-1,57,0,-1699
2024-02-04 13:59:27,784,5563,1321,757,1398,904,5848,625,59,0,-285
2024-02-04 03:29:49,927,5366,1277,1568,1398,1567,6792,-1,56,0,-1426
2024-02-03 16:59:30,990,7002,1889,1633,1395,1657,7671,42,64,0,-669
2024-02-03 06:29:27,928,6123,1556,1665,1392,1081,6686,-1,64,0,-562
2024-02-02 19:59:51,892,7887,2130,1816,1381,708,6993,-1,67,0,894
2024-02-02 09:29:32,960,8203,2385,1801,1370,768,7395,43,67,0,808
2024-02-01 22:59:27,916,6674,2158,1818,1363,721,7043,-1,69,0,-370
2024-02-01 12:25:14,939,7226,1737,1826,1373,429,7072,700,68,0,154
2024-02-01 01:55:39,976,6206,1472,1832,1396,116,5857,-1,67,0,349
2024-01-31 07:27:26,995,7865,2246,1867,1398,163,6742,-1,69,0,1123
2024-01-30 14:09:14,983,6887,1655,1800,1373,140,6730,717,63,0,157
2024-01-30 00:26:14,955,6298,1679,1838,1381,1319,7240,-1,69,0,-942
2024-01-29 09:30:14,949,8187,2436,1851,1359,1458,8399,275,71,0,-212
2024-01-28 22:59:14,819,6057,1784,1852,1395,2039,7959,-1,71,0,-1902
2024-01-28 12:29:32,867,6216,2482,1398,1402,859,7417,347,62,0,-1201
2024-01-28 01:59:14,973,5559,1794,1745,1400,702,6674,-2,62,0,-1116
2024-01-27 15:29:14,883,6942,2010,1816,1399,476,6808,158,60,0,134
2024-01-27 04:59:34,878,5880,1842,1766,1394,103,6041,-1,61,0,-161
2024-01-26 18:29:15,956,8051,2831,1854,1381,833,7917,-1,62,0,134
2024-01-26 07:59:14,845,7564,2417,1851,1398,1032,7607,2,61,0,-43
2024-01-25 21:29:36,820,7498,2327,1836,1374,1738,8155,-1,60,0,-657
2024-01-25 10:59:17,921,7928,2460,1860,1355,859,7838,324,60,0,90
2024-01-25 00:29:14,868,6041,1691,1769,1395,1808,7587,-1,59,0,-1546
2024-01-24 13:59:38,898,7441,2445,1866,1396,240,7235,330,60,0,207
2024-01-24 03:30:18,899,6171,2056,1825,1393,101,6335,-1,62,0,-164
2024-01-23 16:59:14,974,8148,2685,1900,1376,456,7460,3,61,0,688
2024-01-23 06:29:40,860,7012,1949,1802,1394,1030,7096,-1,62,0,-84
2024-01-22 19:59:21,953,8384,2860,1914,1367,358,7513,-1,62,0,872
2024-01-22 09:29:14,984,8698,3177,1892,1322,88,7649,126,60,0,1048
2024-01-21 22:59:42,952,6324,2349,1855,1384,780,7379,-1,61,0,-1055
2024-01-21 12:25:27,886,6395,2687,1842,1383,435,7647,356,59,0,-1252
2024-01-21 01:38:25,862,5946,1702,1732,1385,548,6286,-1,59,0,-340
2024-01-20 14:47:27,840,6905,2063,1743,1384,1469,7764,202,60,0,-859
2024-01-20 04:17:14,889,5790,1777,1693,1382,2103,7900,-1,58,0,-2110
2024-01-19 17:46:14,896,8185,2350,1786,1365,542,6997,-1,60,0,1187
2024-01-19 07:16:30,863,7402,2168,1765,1390,2051,8283,0,47,0,-881
2024-01-18 20:47:14,903,7867,2365,1780,1360,1270,7735,0,57,0,132
2024-01-18 10:08:14,924,8316,2483,1818,1343,1110,7799,61,59,0,517
2024-01-17 23:38:40,872,6477,1726,1812,1393,1976,7835,-1,57,0,-1358
2024-01-17 13:08:21,901,7692,1894,1852,1400,793,7256,351,60,0,436
2024-01-17 02:38:14,890,5922,1337,1748,1398,293,5726,-1,62,0,196
2024-01-16 16:08:42,756,7688,1779,1825,1397,895,6865,153,60,0,822
2024-01-16 05:38:23,919,6171,1432,1809,1403,720,6347,-1,60,0,-176
2024-01-15 19:08:14,904,8315,2515,1860,1374,1307,8021,0,59,0,294
2024-01-15 08:38:44,905,8368,2571,1858,1399,785,7632,53,60,0,735
2024-01-14 22:09:24,864,6593,2285,1846,1400,1081,7538,-1,59,0,-945
2024-01-14 11:38:14,795,6183,1595,1804,1397,1957,8188,578,62,0,-2005
2024-01-14 01:08:14,881,5947,1550,1862,1403,1048,6803,-1,59,0,-856
2024-01-13 14:38:27,956,6914,1675,1839,1399,1265,7610,415,60,0,-696
2024-01-13 04:08:14,997,6147,1337,1866,1400,318,5975,-2,59,0,173
2024-01-12 11:07:26,1077,8401,2380,1890,1366,1726,8723,228,57,0,-323
2024-01-12 00:38:13,936,6343,1242,1842,1392,1512,6980,-1,56,0,-637
2024-01-11 14:09:13,943,7651,1675,1842,1295,1174,7643,658,56,0,8
2024-01-11 03:38:27,929,6128,1289,1857,1394,1094,6620,-1,59,0,-492
2024-01-10 17:08:13,918,8215,1564,1847,1369,1508,7263,0,58,0,952
2024-01-10 06:38:48,874,7004,1396,1852,1388,1353,6919,0,56,0,85
2024-01-09 20:08:29,885,8287,2490,1905,1389,2330,9055,0,56,0,-768
2024-01-09 08:29:20,905,8171,2390,1898,1393,2066,8709,2,57,0,-538
2024-01-08 21:29:31,926,7648,2537,1851,1372,2215,8954,0,53,0,-1306
2024-01-08 10:08:20,916,8255,2404,1800,1357,2425,9011,50,59,0,-757
2024-01-07 23:38:44,815,5545,1918,1531,1387,1117,6819,-1,54,0,-1274
2024-01-07 13:09:24,845,6109,2287,1632,1359,1517,7906,213,53,0,-1797
2024-01-07 02:38:20,766,5094,1464,1557,1388,1641,6870,-1,56,0,-1776
2024-01-06 16:08:46,859,6054,2264,1614,1379,610,6801,23,53,0,-748
2024-01-06 05:38:27,882,5434,1647,1634,1397,1453,7066,-1,53,0,-1632
2024-01-05 19:08:20,873,7504,2642,1736,1388,869,7561,-1,54,0,-57
2024-01-05 08:29:22,890,6925,2472,1648,1395,1675,8169,33,55,0,-1244
2024-01-04 21:59:38,734,6695,2298,1602,1397,2066,8149,-1,53,0,-1455
2024-01-04 10:18:31,871,6969,2288,1592,1363,1827,8271,274,56,0,-1302
2024-01-03 12:29:06,882,7113,2310,1499,1307,1544,7704,129,33,0,-591
2024-01-03 01:00:23,831,4893,1498,1376,1397,499,5637,-2,31,0,-744
2024-01-02 14:29:05,740,5146,2038,1423,1396,305,6383,466,31,0,-1237
2024-01-02 02:00:05,691,4578,1529,1340,1398,1999,6988,-1,32,0,-2410
2024-01-01 15:29:28,732,4769,1206,1415,1397,602,5511,127,32,0,-742
